"パーツID","パーツ名","種別","画像ID","ランク","属性","ライフ","アタック","ディフェンス","スピード","レンジ","モビリティ","フレーバーテキスト","ステ合計","メモ","",""
"b101_f","ベーシック・エッジ","1","b001_f","1","火","0","71","40","0","66","32","引っかかりの少ない綺麗な円形フォルムで、攻めにも守りにも扱いやすい。","209","バランス下位","","パーツ種別1がブレード、2がウェイト、3がソール"
"b101_a","ベーシック・エッジ","1","b001_a","1","風","0","71","40","0","66","32","引っかかりの少ない綺麗な円形フォルムで、攻めにも守りにも扱いやすい。","209","バランス下位","","ブレード：アタックとレンジ"
"b101_e","ベーシック・エッジ","1","b001_e","1","土","0","71","40","0","66","32","引っかかりの少ない綺麗な円形フォルムで、攻めにも守りにも扱いやすい。","209","バランス下位","","ウェイト：ライフとディフェンス"
"b101_w","ベーシック・エッジ","1","b001_w","1","水","0","71","40","0","66","32","引っかかりの少ない綺麗な円形フォルムで、攻めにも守りにも扱いやすい。","209","バランス下位","","ソール：スピードとモビリティ"
"b101_n","ベーシック・エッジ","1","b001_n","1","無","0","71","40","0","66","32","引っかかりの少ない綺麗な円形フォルムで、攻めにも守りにも扱いやすい。","209","バランス下位","","IDの末尾Fが火、Aが風、Eが土、Wが水、Nが無"
"b102_f","ノーブル・ブレード","1","b002_f","1","火","0","85","36","0","80","41","外周を厚めに作った強い形。相手と激しくこすれ合っても力負けしない。","242","バランス上位","",""
"b102_a","ノーブル・ブレード","1","b002_a","1","風","0","85","36","0","80","41","外周を厚めに作った強い形。相手と激しくこすれ合っても力負けしない。","242","バランス上位","","ランク1：合計250、メイン120、サブ50"
"b102_e","ノーブル・ブレード","1","b002_e","1","土","0","85","36","0","80","41","外周を厚めに作った強い形。相手と激しくこすれ合っても力負けしない。","242","バランス上位","","ランク2：合計500、メイン230、サブ100"
"b102_w","ノーブル・ブレード","1","b002_w","1","水","0","85","36","0","80","41","外周を厚めに作った強い形。相手と激しくこすれ合っても力負けしない。","242","バランス上位","","ランク3：合計750、メイン350、サブ150"
"b102_n","ノーブル・ブレード","1","b002_n","1","無","0","85","36","0","80","41","外周を厚めに作った強い形。相手と激しくこすれ合っても力負けしない。","242","バランス上位","","ランク4：合計1000、メイン460、サブ200"
"b103_f","クロス・フォース","1","b003_f","1","火","0","96","31","0","52","30","外周に薄く鋭い４枚の大きな刃を配置。ぶつかった相手を大きく弾き飛ばす。","209","アタック下位","","ランク5：合計1250、メイン580、サブ250"
"b103_a","クロス・フォース","1","b003_a","1","風","0","96","31","0","52","30","外周に薄く鋭い４枚の大きな刃を配置。ぶつかった相手を大きく弾き飛ばす。","209","アタック下位","","ランク6：合計1500、メイン700、サブ300"
"b103_e","クロス・フォース","1","b003_e","1","土","0","96","31","0","52","30","外周に薄く鋭い４枚の大きな刃を配置。ぶつかった相手を大きく弾き飛ばす。","209","アタック下位","",""
"b103_w","クロス・フォース","1","b003_w","1","水","0","96","31","0","52","30","外周に薄く鋭い４枚の大きな刃を配置。ぶつかった相手を大きく弾き飛ばす。","209","アタック下位","",""
"b103_n","クロス・フォース","1","b003_n","1","無","0","96","31","0","52","30","外周に薄く鋭い４枚の大きな刃を配置。ぶつかった相手を大きく弾き飛ばす。","209","アタック下位","",""
"b104_f","チェイン・スライサー","1","b004_f","1","火","0","111","27","0","67","36","外周に細かなノコギリ状の刃が並ぶ。すれ違いざまに細かく何度も攻撃する。","241","アタック上位","",""
"b104_a","チェイン・スライサー","1","b004_a","1","風","0","111","27","0","67","36","外周に細かなノコギリ状の刃が並ぶ。すれ違いざまに細かく何度も攻撃する。","241","アタック上位","",""
"b104_e","チェイン・スライサー","1","b004_e","1","土","0","111","27","0","67","36","外周に細かなノコギリ状の刃が並ぶ。すれ違いざまに細かく何度も攻撃する。","241","アタック上位","",""
"b104_w","チェイン・スライサー","1","b004_w","1","水","0","111","27","0","67","36","外周に細かなノコギリ状の刃が並ぶ。すれ違いざまに細かく何度も攻撃する。","241","アタック上位","",""
"b104_n","チェイン・スライサー","1","b004_n","1","無","0","111","27","0","67","36","外周に細かなノコギリ状の刃が並ぶ。すれ違いざまに細かく何度も攻撃する。","241","アタック上位","",""
"b105_f","ツイン・ランサー","1","b005_f","1","火","0","52","30","0","97","31","左右に大きく張り出した２枚の長い刃を搭載。間合いに入った相手を突き放す。","210","レンジ下位","",""
"b105_a","ツイン・ランサー","1","b005_a","1","風","0","52","30","0","97","31","左右に大きく張り出した２枚の長い刃を搭載。間合いに入った相手を突き放す。","210","レンジ下位","",""
"b105_e","ツイン・ランサー","1","b005_e","1","土","0","52","30","0","97","31","左右に大きく張り出した２枚の長い刃を搭載。間合いに入った相手を突き放す。","210","レンジ下位","",""
"b105_w","ツイン・ランサー","1","b005_w","1","水","0","52","30","0","97","31","左右に大きく張り出した２枚の長い刃を搭載。間合いに入った相手を突き放す。","210","レンジ下位","",""
"b105_n","ツイン・ランサー","1","b005_n","1","無","0","52","30","0","97","31","左右に大きく張り出した２枚の長い刃を搭載。間合いに入った相手を突き放す。","210","レンジ下位","",""
"b106_f","ワイド・アウター","1","b006_f","1","火","0","64","27","0","114","37","刃全体の直径を大きく広げ、相手よりも一歩外からの間合いを保つ。","242","レンジ上位","",""
"b106_a","ワイド・アウター","1","b006_a","1","風","0","64","27","0","114","37","刃全体の直径を大きく広げ、相手よりも一歩外からの間合いを保つ。","242","レンジ上位","",""
"b106_e","ワイド・アウター","1","b006_e","1","土","0","64","27","0","114","37","刃全体の直径を大きく広げ、相手よりも一歩外からの間合いを保つ。","242","レンジ上位","",""
"b106_w","ワイド・アウター","1","b006_w","1","水","0","64","27","0","114","37","刃全体の直径を大きく広げ、相手よりも一歩外からの間合いを保つ。","242","レンジ上位","",""
"b106_n","ワイド・アウター","1","b006_n","1","無","0","64","27","0","114","37","刃全体の直径を大きく広げ、相手よりも一歩外からの間合いを保つ。","242","レンジ上位","",""
"b107_f","ソリッド・ウォール","1","b007_f","1","火","0","79","46","0","77","33","デコボコを無くした滑らかなドーム状の壁。激突された時の衝撃を受け流す。","235","ディフェンス盛り","",""
"b107_a","ソリッド・ウォール","1","b007_a","1","風","0","79","46","0","77","33","デコボコを無くした滑らかなドーム状の壁.激突された時の衝撃を受け流す。","235","ディフェンス盛り","",""
"b107_e","ソリッド・ウォール","1","b007_e","1","土","0","79","46","0","77","33","デコボコを無くした滑らかなドーム状の壁。激突された時の衝撃を受け流す。","235","ディフェンス盛り","",""
"b107_w","ソリッド・ウォール","1","b007_w","1","水","0","79","46","0","77","33","デコボコを無くした滑らかなドーム状の壁。激突された時の衝撃を受け流す。","235","ディフェンス盛り","",""
"b107_n","ソリッド・ウォール","1","b007_n","1","無","0","79","46","0","77","33","デコボコを無くした滑らかなドーム状の壁。激突された時の衝撃を受け流す。","235","ディフェンス盛り","",""
"b108_f","スピード・ウイング","1","b008_f","1","火","0","75","29","0","84","47","余分な厚みをなくして軽くした３枚刃。空気の抵抗を受けずに軽快にまわる。","235","モビリティ盛り","",""
"b108_a","スピード・ウイング","1","b008_a","1","風","0","75","29","0","84","47","余分な厚みをなくして軽くした３枚刃。空気の抵抗を受けずに軽快にまわる。","235","モビリティ盛り","",""
"b108_e","スピード・ウイング","1","b008_e","1","土","0","75","29","0","84","47","余分な厚みをなくして軽くした３枚刃。空気の抵抗を受けずに軽快にまわる。","235","モビリティ盛り","",""
"b108_w","スピード・ウイング","1","b008_w","1","水","0","75","29","0","84","47","余分な厚みをなくして軽くした３枚刃。空気の抵抗を受けずに軽快にまわる。","235","モビリティ盛り","",""
"b108_n","スピード・ウイング","1","b008_n","1","無","0","75","29","0","84","47","余分な厚みをなくして軽くした３枚刃。空気の抵抗を受けずに軽快にまわる。","235","モビリティ盛り","",""
"b201_f","ヴァリアント・エッジ","1","b001_f","2","火","0","142","80","0","132","64","扱いやすい丸い形はそのままに、激しい衝撃に耐えるよう外枠を肉厚に補強。","418","バランス下位","",""
"b201_a","ヴァリアント・エッジ","1","b001_a","2","風","0","142","80","0","132","64","扱いやすい丸い形はそのままに、激しい衝撃に耐えるよう外枠を肉厚に補強。","418","バランス下位","",""
"b201_e","ヴァリアント・エッジ","1","b001_e","2","土","0","142","80","0","132","64","扱いやすい丸い形はそのままに、激しい衝撃に耐えるよう外枠を肉厚に補強。","418","バランス下位","",""
"b201_w","ヴァリアント・エッジ","1","b001_w","2","水","0","142","80","0","132","64","扱いやすい丸い形はそのままに、激しい衝撃に耐えるよう外枠を肉厚に補強。","418","バランス下位","",""
"b201_n","ヴァリアント・エッジ","1","b001_n","2","無","0","142","80","0","132","64","扱いやすい丸い形はそのままに、激しい衝撃に耐えるよう外枠を肉厚に補強。","418","バランス下位","",""
"b202_f","クロス・セイバー","1","b002_f","2","火","0","170","72","0","160","82","十字に配置された内側の補強パーツが、激しい競り合いでも回転の軸を崩さない。","484","バランス上位","",""
"b202_a","クロス・セイバー","1","b002_a","2","風","0","170","72","0","160","82","十字に配置された内側の補強パーツが、激しい競り合いでも回転の軸を崩さない。","484","バランス上位","",""
"b202_e","クロス・セイバー","1","b002_e","2","土","0","170","72","0","160","82","十字に配置された内側の補強パーツが、激しい競り合いでも回転の軸を崩さない。","484","バランス上位","",""
"b202_w","クロス・セイバー","1","b002_w","2","水","0","170","72","0","160","82","十字に配置された内側の補強パーツが、激しい競り合いでも回転の軸を崩さない。","484","バランス上位","",""
"b202_n","クロス・セイバー","1","b002_n","2","無","0","170","72","0","160","82","十字に配置された内側の補強パーツが、激しい競り合いでも回転の軸を崩さない。","484","バランス上位","",""
"b203_f","ハンター・クロー","1","b003_f","2","火","0","192","62","0","104","60","内側へ反り返ったフック状の爪を持つ。引っかかった相手の回転を奪い去る。","418","アタック下位","",""
"b203_a","ハンター・クロー","1","b003_a","2","風","0","192","62","0","104","60","内側へ反り返ったフック状の爪を持つ。引っかかった相手の回転を奪い去る。","418","アタック下位","",""
"b203_e","ハンター・クロー","1","b003_e","2","土","0","192","62","0","104","60","内側へ反り返ったフック状の爪を持つ。引っかかった相手の回転を奪い去る。","418","アタック下位","",""
"b203_w","ハンター・クロー","1","b003_w","2","水","0","192","62","0","104","60","内側へ反り返ったフック状の爪を持つ。引っかかった相手の回転を奪い去る。","418","アタック下位","",""
"b203_n","ハンター・クロー","1","b003_n","2","無","0","192","62","0","104","60","内側へ反り返ったフック状の爪を持つ。引っかかった相手の回転を奪い去る。","418","アタック下位","",""
"b204_f","ファントム・サイズ","1","b004_f","2","火","0","222","54","0","134","72","外周を大きく覆う巨大な２枚の鎌刃。すれ違いざまの重い一撃で敵を削り取る。","482","アタック上位","",""
"b204_a","ファントム・サイズ","1","b004_a","2","風","0","222","54","0","134","72","外周を大きく覆う巨大な２枚の鎌刃。すれ違いざまの重い一撃で敵を削り取る。","482","アタック上位","",""
"b204_e","ファントム・サイズ","1","b004_e","2","土","0","222","54","0","134","72","外周を大きく覆う巨大な２枚の鎌刃。すれ違いざまの重い一撃で敵を削り取る。","482","アタック上位","",""
"b204_w","ファントム・サイズ","1","b004_w","2","水","0","222","54","0","134","72","外周を大きく覆う巨大な２枚の鎌刃。すれ違いざまの重い一撃で敵を削り取る。","482","アタック上位","",""
"b204_n","ファントム・サイズ","1","b004_n","2","無","0","222","54","0","134","72","外周を大きく覆う巨大な２枚の鎌刃。すれ違いざまの重い一撃で敵を削り取る。","482","アタック上位","",""
"b205_f","レイヤー・エッジ","1","b005_f","2","火","0","104","60","0","194","62","厚みの異なるパーツを幾層も重ねた構造。有利な距離からの一撃離脱を助ける。","420","レンジ下位","",""
"b205_a","レイヤー・エッジ","1","b005_a","2","風","0","104","60","0","194","62","厚みの異なるパーツを幾層も重ねた構造。有利な距離からの一撃離脱を助ける。","420","レンジ下位","",""
"b205_e","レイヤー・エッジ","1","b005_e","2","土","0","104","60","0","194","62","厚みの異なるパーツを幾層も重ねた構造。有利な距離からの一撃離脱を助ける。","420","レンジ下位","",""
"b205_w","レイヤー・エッジ","1","b005_w","2","水","0","104","60","0","194","62","厚みの異なるパーツを幾層も重ねた構造。有利な距離からの一撃離脱を助ける。","420","レンジ下位","",""
"b205_n","レイヤー・エッジ","1","b001_n","2","無","0","104","60","0","194","62","厚みの異なるパーツを幾層も重ねた構造。有利な距離からの一撃離脱を助ける。","420","レンジ下位","",""
"b206_f","オーラ・エッジ","1","b006_f","2","火","0","128","54","0","228","74","外側に大きくせり出した大型ウイング。離れた位置からの激突に真価を発揮する。","484","レンジ上位","",""
"b206_a","オーラ・エッジ","1","b006_a","2","風","0","128","54","0","228","74","外側に大きくせり出した大型ウイング。離れた位置からの激突に真価を発揮する。","484","レンジ上位","",""
"b206_e","オーラ・エッジ","1","b006_e","2","土","0","128","54","0","228","74","外側に大きくせり出した大型ウイング。離れた位置からの激突に真価を発揮する。","484","レンジ上位","",""
"b206_w","オーラ・エッジ","1","b006_w","2","水","0","128","54","0","228","74","外側に大きくせり出した大型ウイング。離れた位置からの激突に真価を発揮する。","484","レンジ上位","",""
"b206_n","オーラ・エッジ","1","b006_n","2","無","0","128","54","0","228","74","外側に大きくせり出した大型ウイング。離れた位置からの激突に真価を発揮する。","484","レンジ上位","",""
"b207_f","ワイルド・ウォール","1","b007_f","2","火","0","158","92","0","154","66","衝撃を受け止める厚みを増やした壁。激突された時のショックを外に散らす。","470","ディフェンス盛り","",""
"b207_a","ワイルド・ウォール","1","b007_a","2","風","0","158","92","0","154","66","衝撃を受け止める厚みを増やした壁。激突された時のショックを外に散らす。","470","ディフェンス盛り","",""
"b207_e","ワイルド・ウォール","1","b007_e","2","土","0","158","92","0","154","66","衝撃を受け止める厚みを増やした壁。激突された時のショックを外に散らす。","470","ディフェンス盛り","",""
"b207_w","ワイルド・ウォール","1","b007_w","2","水","0","158","92","0","154","66","衝撃を受け止める厚みを増やした壁。激突された時のショックを外に散らす。","470","ディフェンス盛り","",""
"b207_n","ワイルド・ウォール","1","b007_n","2","無","0","158","92","0","154","66","衝撃を受け止める厚みを増やした壁。激突された時のショックを外に散らす。","470","ディフェンス盛り","",""
"b208_f","ミラージュ・エッジ","1","b008_f","2","火","0","150","58","0","168","94","全体の厚みをそぎ落とした特殊造形。機体の旋回とまわるキレを高める。","470","モビリティ盛り","",""
"b208_a","ミラージュ・エッジ","1","b008_a","2","風","0","150","58","0","168","94","全体の厚みをそぎ落とした特殊造形。機体の旋回とまわるキレを高める。","470","モビリティ盛り","",""
"b208_e","ミラージュ・エッジ","1","b008_e","2","土","0","150","58","0","168","94","全体の厚みをそぎ落とした特殊造形。機体の旋回とまわるキレを高める。","470","モビリティ盛り","",""
"b208_w","ミラージュ・エッジ","1","b008_w","2","水","0","150","58","0","168","94","全体の厚みをそぎ落とした特殊造形。機体の旋回とまわるキレを高める。","470","モビリティ盛り","",""
"b208_n","ミラージュ・エッジ","1","b008_n","2","無","0","150","58","0","168","94","全体の厚みをそぎ落とした特殊造形。機体の旋回とまわるキレを高める。","470","モビリティ盛り","",""
"b301_f","セイント・エッジ","1","b001_f","3","火","0","213","120","0","198","96","円形としての均一な重さを追求。どのようなスタジアムでも戦える万能な刃。","627","バランス下位","",""
"b301_a","セイント・エッジ","1","b001_a","3","風","0","213","120","0","198","96","円形としての均一な重さを追求。どのようなスタジアムでも戦える万能な刃。","627","バランス下位","",""
"b301_e","セイント・エッジ","1","b001_e","3","土","0","213","120","0","198","96","円形としての均一な重さを追求。どのようなスタジアムでも戦える万能な刃。","627","バランス下位","",""
"b301_w","セイント・エッジ","1","b001_w","3","水","0","213","120","0","198","96","円形としての均一な重さを追求。どのようなスタジアムでも戦える万能な刃。","627","バランス下位","",""
"b301_n","セイント・エッジ","1","b001_n","3","無","0","213","120","0","198","96","円形としての均一な重さを追求。どのようなスタジアムでも戦える万能な刃。","627","バランス下位","",""
"b302_f","クラウン・ブレード","1","b002_f","3","火","0","255","108","0","240","123","中央部に重さを寄せた王冠形状。激突時に生じる自機のフラつきを抑える。","726","バランス上位","",""
"b302_a","クラウン・ブレード","1","b002_a","3","風","0","255","108","0","240","123","中央部に重さを寄せた王冠形状。激突時に生じる自機のフラつきを抑える。","726","バランス上位","",""
"b302_e","クラウン・ブレード","1","b002_e","3","土","0","255","108","0","240","123","中央部に重さを寄せた王冠形状。激突時に生じる自機のフラつきを抑える。","726","バランス上位","",""
"b302_w","クラウン・ブレード","1","b002_w","3","水","0","255","108","0","240","123","中央部に重さを寄せた王冠形状。激突時に生じる自機のフラつきを抑える。","726","バランス上位","",""
"b302_n","クラウン・ブレード","1","b002_n","3","無","0","255","108","0","240","123","中央部に重さを寄せた王冠形状。激突時に生じる自機のフラつきを抑える。","726","バランス上位","",""
"b303_f","マッハ・シュレッダー","1","b003_f","3","火","0","288","93","0","156","90","鋭い３角形状の大型刃を配置。高速で衝突した際の破壊力を大きく高める。","627","アタック下位","",""
"b303_a","マッハ・シュレッダー","1","b003_a","3","風","0","288","93","0","156","90","鋭い３角形状の大型刃を配置。高速で衝突した際の破壊力を大きく高める。","627","アタック下位","",""
"b303_e","マッハ・シュレッダー","1","b003_e","3","土","0","288","93","0","156","90","鋭い３角形状の大型刃を配置。高速で衝突した際の破壊力を大きく高める。","627","アタック下位","",""
"b303_w","マッハ・シュレッダー","1","b003_w","3","水","0","288","93","0","156","90","鋭い３角形状の大型刃を配置。高速で衝突した際の破壊力を大きく高める。","627","アタック下位","",""
"b303_n","マッハ・シュレッダー","1","b003_n","3","無","0","288","93","0","156","90","鋭い３角形状の大型刃を配置。高速で衝突した際の破壊力を大きく高める。","627","アタック下位","",""
"b304_f","ボルテックス・エッジ","1","b004_f","3","火","0","333","81","0","201","108","外周に細かな波状の刃がびっしり並ぶ。連続で接触した相手の体力を奪い去る。","723","アタック上位","",""
"b304_a","ボルテックス・エッジ","1","b004_a","3","風","0","333","81","0","201","108","外周に細かな波状の刃がびっしり並ぶ。連続で接触した相手の体力を奪い去る。","723","アタック上位","",""
"b304_e","ボルテックス・エッジ","1","b004_e","3","土","0","333","81","0","201","108","外周に細かな波状的の刃がびっしり並ぶ。連続で接触した相手の体力を奪い去る。","723","アタック上位","",""
"b304_w","ボルテックス・エッジ","1","b004_w","3","水","0","333","81","0","201","108","外周に細かな波状の刃がびっしり並ぶ。連続で接触した相手の体力を奪い去る。","723","アタック上位","",""
"b304_n","ボルテックス・エッジ","1","b004_n","3","無","0","333","81","0","201","108","外周に細かな波状の刃がびっしり並ぶ。連続で接触した相手の体力を奪い去る。","723","アタック上位","",""
"b305_f","スパイク・ニードル","1","b005_f","3","火","0","156","90","0","291","193","２箇所に大きく突き出た槍状の刃を搭載。自分の有利な間合いから先手を打つ。","730","レンジ下位","",""
"b305_a","スパイク・ニードル","1","b005_a","3","風","0","156","90","0","291","193","２箇所に大きく突き出た槍状の刃を搭載。自分の有利な間合いから先手を打つ。","730","レンジ下位","",""
"b305_e","スパイク・ニードル","1","b005_e","3","土","0","156","90","0","291","193","２箇所に大きく突き出た槍状の刃を搭載。自分の有利な間合いから先手を打つ。","730","レンジ下位","",""
"b305_w","スパイク・ニードル","1","b005_w","3","水","0","156","90","0","291","193","２箇所に大きく突き出た槍状の刃を搭載。自分の有利な間合いから先手を打つ。","730","レンジ下位","",""
"b305_n","スパイク・ニードル","1","b005_n","3","無","0","156","90","0","291","193","２箇所に大きく突き出た槍状の刃を搭載。自分の有利な間合いから先手を打つ。","730","レンジ下位","",""
"b306_f","アーク・ランサー","1","b006_f","3","火","0","192","28","10","342","111","刃全体の直径を大きく広げた形状。外側から包み込むように広範囲を制圧する。","683","レンジ上位","",""
"b306_a","アーク・ランサー","1","b006_a","3","風","0","192","28","10","342","111","刃全体の直径を大きく広げた形状。外側から包み込むように広範囲を制圧する。","683","レンジ上位","",""
"b306_e","アーク・ランサー","1","b006_e","3","土","0","192","28","10","342","111","刃全体の直径を大きく広げた形状。外側から包み込むように広範囲を制圧する。","683","レンジ上位","",""
"b306_w","アーク・ランサー","1","b006_w","3","水","0","192","28","10","342","111","刃全体の直径を大きく広げた形状。外側から包み込むように広範囲を制圧する。","683","レンジ上位","",""
"b306_n","アーク・ランサー","1","b006_n","3","無","0","192","28","10","342","111","刃全体の直径を大きく広げた形状。外側から包み込むように広範囲を制圧する。","683","レンジ上位","",""
"b307_f","ガーディアン・シールド","1","b007_f","3","火","0","237","138","0","231","99","大きな２枚の盾を合わせたような絶壁。真正面からの猛攻をガチッと耐える。","705","ディフェンス盛り","",""
"b307_a","ガーディアン_シールド","1","b007_a","3","風","0","237","138","0","231","99","大きな２枚の盾を合わせたような絶壁。真正面からの猛攻をガチッと耐える。","705","ディフェンス盛り","",""
"b307_e","ガーディアン・シールド","1","b007_e","3","土","0","237","138","0","231","99","大きな２枚の盾を合わせたような絶壁。真正面からの猛攻をガチッと耐える。","705","ディフェンス盛り","",""
"b307_w","ガーディアン・シールド","1","b007_w","3","水","0","237","138","0","231","99","大きな２枚の盾を合わせたような絶壁。真正面からの猛攻をガチッと耐える。","705","ディフェンス盛り","",""
"b307_n","ガーディアン・シールド","1","b007_n","3","無","0","237","138","0","231","99","大きな２枚の盾を合わせたような絶壁。真正面からの猛攻をガチッと耐える。","705","ディフェンス盛り","",""
"b308_f","インパルス・スライダー","1","b008_f","3","火","0","225","87","0","252","141","空気抵抗をそぎ落とした４枚の軽量ウイング。機体のスピードと反応を良くする。","705","モビリティ盛り","",""
"b308_a","インパルス・スライダー","1","b008_a","3","風","0","225","87","0","252","141","空気抵抗をそぎ落とした４枚の軽量ウイング。機体のスピードと反応を良くする。","705","モビリティ盛り","",""
"b308_e","インパルス・スライダー","1","b008_e","3","土","0","225","87","0","252","141","空気抵抗をそぎ落とした４枚の軽量ウイング。機体のスピードと反応を良くする。","705","モビリティ盛り","",""
"b308_w","インパルス・スライダー","1","b008_w","3","水","0","225","87","0","252","141","空気抵抗をそぎ落とした４枚の軽量ウイング。機体のスピードと反応を良くする。","705","モビリティ盛り","",""
"b308_n","インパルス・スライダー","1","b008_n","3","無","0","225","87","0","252","141","空気抵抗をそぎ落とした４枚の軽量ウイング。機体のスピードと反応を良くする。","705","モビリティ盛り","",""
"b401_f","インターセプト・ブレード","1","b001_f","4","火","0","284","160","0","264","128","重さと形状を完全に均一化。あらゆる局面での柔軟な戦術対応を可能にする。","836","バランス下位","",""
"b401_a","インターセプト・ブレード","1","b001_a","4","風","0","284","160","0","264","128","重さと形状を完全に均一化。あらゆる局面での柔軟な戦術対応を可能にする。","836","バランス下位","",""
"b401_e","インターセプト・ブレード","1","b001_e","4","土","0","284","160","0","264","128","重さと形状を完全に均一化。あらゆる局面での柔軟な戦術対応を可能にする。","836","バランス下位","",""
"b401_w","インターセプト・ブレード","1","b001_w","4","水","0","284","160","0","264","128","重さと形状を完全に均一化。あらゆる局面での柔軟な戦術対応を可能にする。","836","バランス下位","",""
"b401_n","インターセプト・ブレード","1","b001_n","4","無","0","284","160","0","264","128","重さと形状を完全に均一化。あらゆる局面での柔軟な戦術対応を可能にする。","836","バランス下位","",""
"b402_f","ディフェンダー・フォース","1","b002_f","4","火","0","340","144","0","320","164","外輪を強固なプラ装甲で包み込んだ形。相手の連続攻撃を受けてもブレずにまわる。","968","バランス上位","",""
"b402_a","ディフェンダー・フォース","1","b002_a","4","風","0","340","144","0","320","164","外輪を強固なプラ装甲で包み込んだ形。相手の連続攻撃を受けてもブレずにまわる。","968","バランス上位","",""
"b402_e","ディフェンダー・フォース","1","b002_e","4","土","0","340","144","0","320","164","外輪を強固なプラ装甲で包み込んだ形。相手の連続攻撃を受けてもブレずにまわる。","968","バランス上位","",""
"b402_w","ディフェンダー・フォース","1","b002_w","4","水","0","340","144","0","320","164","外輪を強固なプラ装甲で包み込んだ形。相手の連続攻撃を受けてもブレずにまわる。","968","バランス上位","",""
"b402_n","ディフェンダー_フォース","1","b002_n","4","無","0","340","144","0","320","164","外輪を強固なプラ装甲で包み込んだ形。相手の連続攻撃を受けてもブレずにまわる。","968","バランス上位","",""
"b403_f","バースト・ブレイカー","1","b003_f","4","火","0","384","124","0","208","120","大きく迫り出した２枚の超大型アタック刃。瞬間的な衝突で最大の衝撃を与える。","836","アタック下位","",""
"b403_a","バースト・ブレイカー","1","b003_a","4","風","0","384","124","0","208","120","大きく迫り出した２枚の超大型アタック刃。瞬間的な衝突で最大の衝撃を与える。","836","アタック下位","",""
"b403_e","バースト・ブレイカー","1","b003_e","4","土","0","384","124","0","208","120","大きく迫り出した２枚の超大型アタック刃。瞬間的な衝突で最大の衝撃を与える。","836","アタック下位","",""
"b403_w","バースト・ブレイカー","1","b003_w","4","水","0","384","124","0","208","120","大きく迫り出した２枚の超大型アタック刃。瞬間的な衝突で最大の衝撃を与える。","836","アタック下位","",""
"b403_n","バースト・ブレイカー","1","b003_n","4","無","0","384","124","0","208","120","大きく迫り出した２枚の超大型アタック刃。瞬間的な衝突で最大の衝撃を与える。","836","アタック下位","",""
"b404_f","ディスラプター・クロー","1","b004_f","4","火","0","444","108","0","268","144","外周にフック状の細かな爪刃を多数配置。触れ合ったターゲットの持久力を削る。","964","アタック上位","",""
"b404_a","ディスラプター・クロー","1","b004_a","4","風","0","444","108","0","268","144","外周にフック状の細かな爪刃を多数配置。触れ合ったターゲットの持久力を削る。","964","アタック上位","",""
"b404_e","ディスラプター・クロー","1","b004_e","4","土","0","444","108","0","268","144","外周にフック状の細かな爪刃を多数配置。触れ合ったターゲットの持久力を削る。","964","アタック上位","",""
"b404_w","ディスラプター・クロー","1","b004_w","4","水","0","444","108","0","268","144","外周にフック状の細かな爪刃を多数配置。触れ合ったターゲットの持久力を削る。","964","アタック上位","",""
"b404_n","ディスラプター・クロー","1","b004_n","4","無","0","444","108","0","268","144","外周にフック状の細かな爪刃を多数配置。触れ合ったターゲットの持久力を削る。","964","アタック上位","",""
"b405_f","ハンティング・ボウ","1","b005_f","4","火","0","208","120","0","388","124","弓のように大きく張り出したワイド形状。間合いに入った相手を遠くへはじく。","840","レンジ下位","",""
"b405_a","ハンティング・ボウ","1","b005_a","4","風","0","208","120","0","388","124","弓のように大きく張り出したワイド形状。間合いに入った相手を遠くへはじく。","840","レンジ下位","",""
"b405_e","ハンティング・ボウ","1","b005_e","4","土","0","208","120","0","388","124","弓のように大きく張り出したワイド形状。間合いに入った相手を遠くへはじく。","840","レンジ下位","",""
"b405_w","ハンティング・ボウ","1","b005_w","4","水","0","208","120","0","388","124","弓のように大きく張り出したワイド形状。間合いに入った相手を遠くへはじく。","840","レンジ下位","",""
"b405_n","ハンティング・ボウ","1","b005_n","4","無","0","208","120","0","388","124","弓のように大きく張り出したワイド形状。間合いに入った相手を遠くへはじく。","840","レンジ下位","",""
"b406_f","タクティカル・レイザー","1","b006_f","4","火","0","256","108","0","456","148","刃全体の直径を大きく作った広域仕様。外側から相手を追い詰める間合いを作る。","968","レンジ上位","",""
"b406_a","タクティカル・レイザー","1","b006_a","4","風","0","256","108","0","456","148","刃全体の直径を大きく作った広域仕様。外側から相手を追い詰める間合いを作る。","968","レンジ上位","",""
"b406_e","タクティカル・レイザー","1","b006_e","4","土","0","256","108","0","456","148","刃全体の直径を大きく作った広域仕様。外側から相手を追い詰める間合いを作る。","968","レンジ上位","",""
"b406_w","タクティカル_レイザー","1","b006_w","4","水","0","256","108","0","456","148","刃全体の直径を大きく作った広域仕様。外側から相手を追い詰める間合いを作る。","968","レンジ上位","",""
"b406_n","タクティカル・レイザー","1","b006_n","4","無","0","256","108","0","456","148","刃全体の直径を大きく作った広域仕様。外側から相手を追い詰める間合いを作る。","968","レンジ上位","",""
"b407_f","フォートレス・ウォール","1","b007_f","4","火","0","316","184","0","308","132","凹凸のない極厚のドーム状装甲。相手の衝突エネルギーを周囲に受け流す。","940","ディフェンス盛り","",""
"b407_a","フォートレス・ウォール","1","b007_a","4","風","0","316","184","0","308","132","凹凸のない極厚のドーム状装甲。相手の衝突エネルギーを周囲に受け流す。","940","ディフェンス盛り","",""
"b407_e","フォートレス・ウォール","1","b007_e","4","土","0","316","184","0","308","132","凹凸のない極厚のドーム状装甲。相手の衝突エネルギーを周囲に受け流す。","940","ディフェンス盛り","",""
"b407_w","フォートレス・ウォール","1","b007_w","4","水","0","316","184","0","308","132","凹凸のない極厚のドーム状装甲。相手の衝突エネルギーを周囲に受け流す。","940","ディフェンス盛り","",""
"b407_n","フォートレス_ウォール","1","b007_n","4","無","0","316","184","0","308","132","凹凸のない極厚のドーム状装甲。相手の衝突エネルギーを周囲に受け流す。","940","ディフェンス盛り","",""
"b408_f","ステルス・ドリフター","1","b008_f","4","火","0","300","116","0","336","188","限界まで軽量化した特殊な４枚刃。空気の摩擦を減らして機敏にまわる。","940","モビリティ盛り","",""
"b408_a","ステルス・ドリフター","1","b008_a","4","風","0","300","116","0","336","188","限界まで軽量化した特殊な４枚刃。空気の摩擦を減らして機敏にまわる。","940","モビリティ盛り","",""
"b408_e","ステルス・ドリフター","1","b008_e","4","土","0","300","116","0","336","188","限界まで軽量化した特殊な４枚刃。空気の摩擦を減らして機敏にまわる。","940","モビリティ盛り","",""
"b408_w","ステルス・ドリフター","1","b008_w","4","水","0","300","116","0","336","188","限界まで軽量化した特殊な４枚刃。空気の摩擦を減らして機敏にまわる。","940","モビリティ盛り","",""
"b408_n","ステルス・ドリフター","1","b008_n","4","無","0","300","116","0","336","188","限界まで軽量化した特殊な４枚刃。空気の摩擦を減らして機敏にまわる。","940","モビリティ盛り","",""
"b501_f","ギャラクシー・レイ","1","b001_f","5","火","0","355","200","0","330","160","重量バランスを高度に追求した丸形。あらゆる戦闘スタイルに対応する先進の刃。","1045","バランス下位","",""
"b501_a","ギャラクシー・レイ","1","b001_a","5","風","0","355","200","0","330","160","重量バランスを高度に追求した丸形。あらゆる戦闘スタイルに対応する先進の刃。","1045","バランス下位","",""
"b501_e","ギャラクシー・レイ","1","b001_e","5","土","0","355","200","0","330","160","重量バランスを高度に追求した丸形。あらゆる戦闘スタイルに対応する先進の刃。","1045","バランス下位","",""
"b501_w","ギャラクシー・レイ","1","b001_w","5","水","0","355","200","0","330","160","重量バランスを高度に追求した丸形。あらゆる戦闘スタイルに対応する先進の刃.","1045","バランス下位","",""
"b501_n","ギャラクシー・レイ","1","b001_n","5","無","0","355","200","0","330","160","重量バランスを高度に追求した丸形。あらゆる戦闘スタイルに対応する先進の刃。","1045","バランス下位","",""
"b502_f","アストラル・サイン","1","b002_f","5","火","0","425","180","0","400","205","外周を強固な二重装甲で囲った形状。激しいこすれ合いでも回転をほとんど落とさない。","1210","バランス上位","",""
"b502_a","アストラル・サイン","1","b002_a","5","風","0","425","180","0","400","205","外周を強固な二重装甲で囲った形状。激しいこすれ合いでも回転をほとんど落とさない。","1210","バランス上位","",""
"b502_e","アストラル・サイン","1","b002_e","5","土","0","425","180","0","400","205","外周を強固な二重装甲で囲った形状。激しいこすれ合いでも回転をほとんど落とさない。","1210","バランス上位","",""
"b502_w","アストラル・サイン","1","b002_w","5","水","0","425","180","0","400","205","外周を強固な二重装甲で囲った形状。激しいこすれ合いでも回転をほとんど落とさない。","1210","バランス上位","",""
"b502_n","アストラル・サイン","1","b002_n","5","無","0","425","180","0","400","205","外周を強固な二重装甲で囲った形状。激しいこすれ合いでも回転をほとんど落とさない。","1210","バランス上位","",""
"b503_f","ジェネシス・レイズ","1","b003_f","5","火","0","480","155","0","260","150","前方へ突き出た３枚の巨大な角刃。激突した瞬間に相手を大きく弾き飛ばす。","1045","アタック下位","",""
"b503_a","ジェネシス・レイズ","1","b003_a","5","風","0","480","155","0","260","150","前方へ突き出た３枚の巨大な角刃。激突した瞬間に相手を大きく弾き飛ばす。","1045","アタック下位","",""
"b503_e","ジェネシス・レイズ","1","b003_e","5","土","0","480","155","0","260","150","前方へ突き出た３枚の巨大な角刃。激突した瞬間に相手を大きく弾き飛ばす。","1045","アタック下位","",""
"b503_w","ジェネシス・レイズ","1","b003_w","5","水","0","480","155","0","260","150","前方へ突き出た３枚の巨大な角刃。激突した瞬間に相手を大きく弾き飛ばす。","1045","アタック下位","",""
"b503_n","ジェネシス・レイズ","1","b003_n","5","無","0","480","155","0","260","150","前方へ突き出た３枚の巨大な角刃。激突した瞬間に相手を大きく弾き飛ばす。","1045","アタック下位","",""
"b504_f","カラミティ・エッジ","1","b004_f","5","火","0","555","135","0","335","180","外周に無数の細かいノコギリ刃を搭載。すれ違うたびに相手の体力を激しく奪う。","1205","アタック上位","",""
"b504_a","カラミティ・エッジ","1","b004_a","5","風","0","555","135","0","335","180","外周に無数の細かいノコギリ刃を搭載。すれ違うたびに相手の体力を激しく奪う。","1205","アタック上位","",""
"b504_e","カラミティ・エッジ","1","b004_e","5","土","0","555","135","0","335","180","外周に無数の細かいノコギリ刃を搭載。すれ違うたびに相手の体力を激しく奪う。","1205","アタック上位","",""
"b504_w","カラミティ・エッジ","1","b004_w","5","水","0","555","135","0","335","180","外周に無数の細かいノコギリ刃を搭載。すれ違うたびに相手の体力を激しく奪う。","1205","アタック上位","",""
"b504_n","カラミティ・エッジ","1","b004_n","5","無","0","555","135","0","335","180","外周に無数の細かいノコギリ刃を搭載。すれ違うたびに相手の体力を激しく奪う。","1205","アタック上位","",""
"b505_f","ベクター_ランサー","1","b005_f","5","火","0","260","150","0","485","155","左右に大きく伸びた２枚の超ロング刃。近づこうとする相手を遠くへ突き放す。","1050","レンジ下位","",""
"b505_a","ベクター_ランサー","1","b005_a","5","風","0","260","150","0","485","155","左右に大きく伸びた２枚の超ロング刃。近づこうとする相手を遠くへ突き放す。","1050","レンジ下位","",""
"b505_e","ベクター_ランサー","1","b005_e","5","土","0","260","150","0","485","155","左右に大きく伸びた２枚の超ロング刃。近づこうとする相手を遠くへ突き放す。","1050","レンジ下位","",""
"b505_w","ベクター_ランサー","1","b005_w","5","水","0","260","150","0","485","155","左右に大きく伸びた２枚の超ロング刃。近づこうとする相手を遠くへ突き放す。","1050","レンジ下位","",""
"b505_n","ベクター_ランサー","1","b005_n","5","無","0","260","150","0","485","155","左右に大きく伸びた２枚の超ロング刃。近づこうとする相手を遠くへ突き放す。","1050","レンジ下位","",""
"b506_f","ディバイン・ブレス","1","b006_f","5","火","0","320","135","0","570","185","全体の直径を最大まで大きく広げした形。一歩外からの有利な間合いを保ち続ける。","1210","レンジ上位","",""
"b506_a","ディバイン・ブレス","1","b006_a","5","風","0","320","135","0","570","185","全体の直径を最大まで大きく広げした形。一歩外からの有利な間合いを保ち続ける。","1210","レンジ上位","",""
"b506_e","ディバイン・ブレス","1","b006_e","5","土","0","320","135","0","570","185","全体の直径を最大まで大きく広げした形。一歩外からの有利な間合いを保ち続ける。","1210","レンジ上位","",""
"b506_w","ディバイン・ブレス","1","b006_w","5","水","0","320","135","0","570","185","全体の直径を最大まで大きく広げした形。一歩外からの有利な間合いを保ち続ける。","1210","レンジ上位","",""
"b506_n","ディバイン_ブレス","1","b006_n","5","無","0","320","135","0","570","185","全体の直径を最大まで大きく広げした形。一歩外からの有利な間合いを保ち続ける。","1210","レンジ上位","",""
"b507_f","クォンタム・プロテクト","1","b007_f","5","火","0","395","230","0","385","165","凹凸を無くした滑らかな超硬質フレーム。相手の激突をことごとく受け流す。","1175","ディフェンス盛り","",""
"b507_a","クォンタム・プロテクト","1","b007_a","5","風","0","395","230","0","385","165","凹凸を無くした滑らかな超硬質フレーム。相手の激突をことごとく受け流す。","1175","ディフェンス盛り","",""
"b507_e","クォンタム・プロテクト","1","b007_e","5","土","0","395","230","0","385","165","凹凸を無くした滑らかな超硬質フレーム。相手の激突をことごとく受け流す。","1175","ディフェンス盛り","",""
"b507_w","クォンタム_プロテクト","1","b007_w","5","水","0","395","230","0","385","165","凹凸を無くした滑らかな超硬質フレーム。相手の激突をことことく受け流す。","1175","ディフェンス盛り","",""
"b507_n","クォンタム・プロテクト","1","b007_n","5","無","0","395","230","0","385","165","凹凸を無くした滑らかな超硬質フレーム。相手の激突をことごとく受け流す。","1175","ディフェンス盛り","",""
"b508_f","クロノス・ギア","1","b008_f","5","火","0","375","145","0","420","235","限界まで肉厚を削ぎ落とした超軽量の３枚刃。空気抵抗を減らして軽快にまわる。","1175","モビリティ盛り","",""
"b508_a","クロノス・ギア","1","b008_a","5","風","0","375","145","0","420","235","限界まで肉厚を削ぎ落とした超軽量の３枚刃。空気抵抗を減らして軽快にまわる。","1175","モビリティ盛り","",""
"b508_e","クロノス・ギア","1","b008_e","5","土","0","375","145","0","420","235","限界まで肉厚を削ぎ落とした超軽量の３枚刃。空気抵抗を減らして軽快にまわる。","1175","モビリティ盛り","",""
"b508_w","クロノス・ギア","1","b008_w","5","水","0","375","145","0","420","235","限界まで肉厚を削ぎ落とした超軽量の３枚刃。空気抵抗を減らして軽快にまわる。","1175","モビリティ盛り","",""
"b508_n","クロノス_ギア","1","b008_n","5","無","0","375","145","0","420","235","限界まで肉厚を削ぎ落とした超軽量の３枚刃。空気抵抗を減らして軽快にまわる。","1175","モビリティ盛り","",""
"b601_f","オムニ＝カノン","1","b001_f","6","火","0","426","240","0","396","192","形状と重量バランスを限界まで高めた究極の丸形。あらゆる局面で強さを発揮する。","1254","バランス下位","",""
"b601_a","オムニ＝カノン","1","b001_a","6","風","0","426","240","0","396","192","形状と重量バランスを限界まで高めた究極の丸形。あらゆる局面で強さを発揮する。","1254","バランス下位","",""
"b601_e","オムニ＝カノン","1","b001_e","6","土","0","426","240","0","396","192","形状と重量バランスを限界まで高めた究極の丸形。あらゆる局面で強さを発揮する。","1254","バランス下位","",""
"b601_w","オムニ＝カノン","1","b001_w","6","水","0","426","240","0","396","192","形状と重量バランスを限界まで高めた究極の丸形。あらゆる局面で強さを発揮する。","1254","バランス下位","",""
"b601_n","オムニ＝カノン","1","b001_n","6","無","0","426","240","0","396","192","形状と重量バランスを限界まで高めた究極の丸形。あらゆる局面で強さを発揮する。","1254","バランス下位","",""
"b602_f","アルティメット＝エッジ","1","b002_f","6","火","0","510","216","0","480","246","外周に超肉厚の装甲を配置した形。激しいこすれ合いでも回転軸が絶対に揺らがない。","1452","バランス上位","",""
"b602_a","アルティメット＝エッジ","1","b002_a","6","風","0","510","216","0","480","246","外周に超肉厚の装甲を配置した形。激しいこすれ合いでも回転軸が絶対に揺らがない。","1452","バランス上位","",""
"b602_e","アルティメット＝エッジ","1","b002_e","6","土","0","510","216","0","480","246","外周に超肉厚の装甲を配置した形。激しいこすれ合いでも回転軸が絶対に揺らがない。","1452","バランス上位","",""
"b602_w","アルティメット＝エッジ","1","b002_w","6","水","0","510","216","0","480","246","外周に超肉厚の装甲を配置した形。激しいこすれ合いでも回転軸が絶対に揺らがない。","1452","バランス上位","",""
"b602_n","アルティメット＝エッジ","1","b002_n","6","無","0","510","216","0","480","246","外周に超肉厚の装甲を配置した形。激しいこすれ合いでも回転軸が絶対に揺らがない。","1452","バランス上位","",""
"b603_f","エンドレス＝フォース","1","b003_f","6","火","0","576","186","0","312","180","前方に突き出た４枚の巨大なアタック刃。激突した相手を一撃で遥か彼方へ吹き飛ばす。","1254","アタック下位","",""
"b603_a","エンドレス＝フォース","1","b003_a","6","風","0","576","186","0","312","180","前方に突き出た４枚の巨大なアタック刃。激突した相手を一撃で遥か彼方へ吹き飛ばす。","1254","アタック下位","",""
"b603_e","エンドレス＝フォース","1","b003_e","6","土","0","576","186","0","312","180","前方に突き出た４枚の巨大なアタック刃。激突した相手を一撃で遥か彼方へ吹き飛ばす。","1254","アタック下位","",""
"b603_w","エンドレス＝フォース","1","b003_w","6","水","0","576","186","0","312","180","前方に突き出た４枚の巨大なアタック刃。激突した相手を一撃で遥か彼方へ吹き飛ばす。","1254","アタック下位","",""
"b603_n","エンドレス＝フォース","1","b003_n","6","無","0","576","186","0","312","180","前方に突き出た４枚の巨大なアタック刃。激突した相手を一撃で遥か彼方へ吹き飛ばす。","1254","アタック下位","",""
"b604_f","デストロイヤー＝ブレード","1","b004_f","6","火","0","666","162","0","402","216","外周に超微細なノコギリ刃をびっしりと配置。すれ違うだけで敵の体力を一瞬で削りきる。","1446","アタック上位","",""
"b604_a","デストロイヤー＝ブレード","1","b004_a","6","風","0","666","162","0","402","216","外周に超微細なノコギリ刃をびっしりと配置。すれ違うだけで敵の体力を一瞬で削りきる。","1446","アタック上位","",""
"b604_e","デストロイヤー＝ブレード","1","b004_e","6","土","0","666","162","0","402","216","外周に超微細なノコギリ刃をびっしりと配置。すれ違うだけで敵の体力を一瞬で削りきる。","1446","アタック上位","",""
"b604_w","デストロイヤー＝ブレード","1","b004_w","6","水","0","666","162","0","402","216","外周に超微細なノコギリ刃をびっしりと配置。すれ違うだけで敵の体力を一瞬で削りきる。","1446","アタック上位","",""
"b604_n","デストロイヤー＝ブレード","1","b004_n","6","無","0","666","162","0","402","216","外周に超微細なノコギリ刃をびっしりと配置。すれ違うだけで敵の体力を一瞬で削りきる。","1446","アタック上位","",""
"b605_f","インフィニティ＝ランサー","1","b005_f","6","火","0","312","180","0","582","186","左右に超巨大な２枚の長い刃を持つ。相手を絶対に近づけさせない圧倒的な間合いを誇る。","1260","レンジ下位","",""
"b605_a","インフィニティ＝ランサー","1","b005_a","6","風","0","312","180","0","582","186","左右に超巨大な２枚の長い刃を持つ。相手を絶対に近づけさせない圧倒的な間合いを誇る。","1260","レンジ下位","",""
"b605_e","インフィニティ＝ランサー","1","b005_e","6","土","0","312","180","0","582","186","左右に超巨大な２枚の長い刃を持つ。相手を絶対に近づけさせない圧倒的な間合いを誇る。","1260","レンジ下位","",""
"b605_w","インフィニティ＝ランサー","1","b005_w","6","水","0","312","180","0","582","186","左右に超巨大な２枚の長い刃を持つ。相手を絶対に近づけさせない圧倒的な間合いを誇る。","1260","レンジ下位","",""
"b605_n","インフィニティ＝ランサー","1","b005_n","6","無","0","312","180","0","582","186","左右に超巨大な２枚の長い刃を持つ。相手を絶対に近づけさせない圧倒的な間合いを誇る。","1260","レンジ下位","",""
"b606_f","マジェスティ＝アウター","1","b006_f","6","火","0","384","162","0","684","222","刃全体の直径を最大まで大きく広げした究極形状。圧倒的な広範囲を外側から支配する。","1452","レンジ上位","",""
"b606_a","マジェスティ＝アウター","1","b006_a","6","風","0","384","162","0","684","222","刃全体の直径を最大まで大きく広げした究極形状。圧倒的な広範囲を外側から支配する。","1452","レンジ上位","",""
"b606_e","マジェスティ＝アウター","1","b006_e","6","土","0","384","162","0","684","222","刃全体の直径を最大まで大きく広げした究極形状。圧倒的な広範囲を外側から支配する。","1452","レンジ上位","",""
"b606_w","マジェスティ＝アウター","1","b006_w","6","水","0","384","162","0","684","222","刃全体の直径を最大まで大きく広げした究極形状。圧倒的な広範囲を外側から支配する。","1452","レンジ上位","",""
"b606_n","マジェスティ＝アウター","1","b006_n","6","無","0","384","162","0","684","222","刃全体の直径を最大まで大きく広げした究極形状。圧倒的な広範囲を外側から支配する。","1452","レンジ上位","",""
"b607_f","アブソリュート＝イージス","1","b007_f","6","火","0","474","276","0","462","198","デコボコを極限まで無くした滑らかな超硬質絶壁。相手の強力な激突をすべて受け流す。","1410","ディフェンス盛り","",""
"b607_a","アブソリュート＝イージス","1","b007_a","6","風","0","474","276","0","462","198","デコボコを極限まで無くした滑らかな超硬質絶壁。相手の強力な激突をすべて受け流す。","1410","ディフェンス盛り","",""
"b607_e","アブソリュート＝イージス","1","b007_e","6","土","0","474","276","0","462","198","デコボコを極限まで無くした滑らかな超硬質絶壁。相手の強力な激突をすべて受け流す。","1410","ディフェンス盛り","",""
"b607_w","アブソリュート＝イージス","1","b007_w","6","水","0","474","276","0","462","198","デコボコを極限まで無くした滑らかな超硬質絶壁。相手の強力な激突をすべて受け流す。","1410","ディフェンス盛り","",""
"b607_n","アブソリュート＝イージス","1","b007_n","6","無","0","474","276","0","462","198","デコボコを極限まで無くした滑らかな超硬質絶壁。相手の強力な激突をすべて受け流す。","1410","ディフェンス盛り","",""
"b608_f","ヴァルハラ＝ウイング","1","b008_f","6","火","0","450","174","0","504","282","余分な肉厚を究極まで削ぎ落とした超軽量の３枚刃。空気抵抗を無くして高速旋回する。","1410","モビリティ盛り","",""
"b608_a","ヴァルハラ＝ウイング","1","b008_a","6","風","0","450","174","0","504","282","余分な肉厚を究極まで削ぎ落とした超軽量の３枚刃。空気抵抗を無くして高速旋回する。","1410","モビリティ盛り","",""
"b608_e","ヴァルハラ＝ウイング","1","b008_e","6","土","0","450","174","0","504","282","余分な肉厚を究極まで削ぎ落とした超軽量の３枚刃.空気抵抗を無くして高速旋回する。","1410","モビリティ盛り","",""
"b608_w","ヴァルハラ＝ウイング","1","b008_w","6","水","0","450","174","0","504","282","余分な肉厚を究極まで削ぎ落とした超軽量の３枚刃。空気抵抗を無くして高速旋回する。","1410","モビリティ盛り","",""
"b608_n","ヴァルハラ＝ウイング","1","b008_n","6","無","0","450","174","0","504","282","余分な肉厚を究極まで削ぎ落とした超軽量の３枚刃。空気抵抗を無くして高速旋回する。","1410","モビリティ盛り","",""
"b609_n","レオ＝ゴールドファング","1","b001_n","6","無","0","689","152","0","341","278","気高き獅子の牙は、いかなる防壁をも貫く。","1460","アーサーモデル","",""
"b610_n","カイザー＝ジェネシス","1","b001_n","6","無","0","376","288","0","687","109","皇帝の防壁はいかなる猛攻をも無に帰す。","1460","店長モデル","",""
"w101_f","ベーシック・ディスク","2","w001_f","1","火","70","41","68","30","0","0","真ん中から外側まで重さを均等にして、全体の回転バランスを整える標準のリング。","209","バランス下位","",""
"w101_a","ベーシック・ディスク","2","w001_a","1","風","70","41","68","30","0","0","真ん中から外側まで重さを均等にして、全体の回転バランスを整える標準のリング。","209","バランス下位","",""
"w101_e","ベーシック・ディスク","2","w001_e","1","土","70","41","68","30","0","0","真ん中から外側まで重さを均等にして、全体の回転バランスを整える標準のリング。","209","バランス下位","",""
"w101_w","ベーシック・ディスク","2","w001_w","1","水","70","41","68","30","0","0","真ん中から外側まで重さを均等にして、全体の回転バランスを整える標準のリング。","209","バランス下位","",""
"w101_n","ベーシック・ディスク","2","w001_n","1","無","70","41","68","30","0","0","真ん中から外側まで重さを均等にして、全体の回転バランスを整える標準のリング。","209","バランス下位","",""
"w102_f","カウンター・バラスト","2","w002_f","1","火","88","36","79","39","0","0","重さを外側に寄せることで、相手とぶつかり合っても機体が傾きにくい金属リング。","242","バランス上位","",""
"w102_a","カウンター・バラスト","2","w002_a","1","風","88","36","79","39","0","0","重さを外側に寄せることで、相手とぶつかり合っても機体が傾きにくい金属リング。","242","バランス上位","",""
"w102_e","カウンター・バラスト","2","w002_e","1","土","88","36","79","39","0","0","重さを外側に寄せることで、相手とぶつかり合っても機体が傾きにくい金属リング。","242","バランス上位","",""
"w102_w","カウンター・バラスト","2","w002_w","1","水","88","36","79","39","0","0","重さを外側に寄せることで、相手とぶつかり合っても機体が傾きにくい金属リング。","242","バランス上位","",""
"w102_n","カウンター・バラスト","2","w002_n","1","無","88","36","79","39","0","0","重さを外側に寄せることで、相手とぶつかり合っても機体が傾きにくい金属リング。","242","バランス上位","",""
"w103_f","ライト・メタル","2","w003_f","1","火","94","31","54","30","0","0","内側を大きくくり抜いて軽くした仕様。機体の持久力とまわる反応を高める。","209","アタック下位","",""
"w103_a","ライト・メタル","2","w003_a","1","風","94","31","54","30","0","0","内側を大きくくり抜いて軽くした仕様。機体の持久力とまわる反応を高める。","209","アタック下位","",""
"w103_e","ライト・メタル","2","w003_e","1","土","94","31","54","30","0","0","内側を大きくくり抜いて軽くした仕様.機体の持久力とまわる反応を高める。","209","アタック下位","",""
"w103_w","ライト・メタル","2","w003_w","1","水","94","31","54","30","0","0","内側を大きくくり抜いて軽くした仕様。機体の持久力とまわる反応を高める。","209","アタック下位","",""
"w103_n","ライト・メタル","2","w003_n","1","無","94","31","54","30","0","0","内側を大きくくり抜いて軽くした仕様。機体の持久力とまわる反応を高める。","209","アタック下位","",""
"w104_f","クアッド・ヘビー","2","w004_f","1","火","113","27","66","35","0","0","４つの金属の塊をバランスよく配置。まわる勢いを利用して一撃を重くする。","241","アタック上位","",""
"w104_a","クアッド・ヘビー","2","w004_a","1","風","113","27","66","35","0","0","４つの金属の塊をバランスよく配置。まわる勢いを利用して一撃を重くする。","241","アタック上位","",""
"w104_e","クアッド・ヘビー","2","w004_e","1","土","113","27","66","35","0","0","４つの金属の塊をバランスよく配置。まわる勢いを利用して一撃を重くする。","241","アタック上位","",""
"w104_w","クアッド・ヘビー","2","w004_w","1","水","113","27","66","35","0","0","４つの金属の塊をバランスよく配置。まわる勢いを利用して一撃を重くする。","241","アタック上位","",""
"w104_n","クアッド・ヘビー","2","w004_n","1","無","113","27","66","35","0","0","４つの金属の塊をバランスよく配置。まわる勢いを利用して一撃を重くする。","241","アタック上位","",""
"w105_f","シャープ・リング","2","w005_f","1","火","56","34","93","27","0","0","外側のフチを鋭く尖らせたリング。相手から受ける強い打撃をはね返す。","210","ディフェンス下位","",""
"w105_a","シャープ・リング","2","w005_a","1","風","56","34","93","27","0","0","外側のフチを鋭く尖らせたリング。相手から受ける強い打撃をはね返す。","210","ディフェンス下位","",""
"w105_e","シャープ・リング","2","w005_e","1","土","56","34","93","27","0","0","外側のフチを鋭く尖らせたリング。相手から受ける強い打撃をはね返す。","210","ディフェンス下位","",""
"w105_w","シャープ・リング","2","w005_w","1","水","56","34","93","27","0","0","外側のフチを鋭く尖らせたリング。相手から受ける強い打撃をはね返す。","210","ディフェンス下位","",""
"w105_n","シャープ・リング","2","w005_n","1","無","56","34","93","27","0","0","外側のフチを鋭く尖らせたリング。相手から受ける強い打撃をはね返す。","210","ディフェンス下位","",""
"w106_f","マルチ・ブロック","2","w006_f","1","火","68","30","110","34","0","0","外周の厚みを細かく変化させた形。ぶつかったときの激しいショックを逃がす。","242","ディフェンス上位","",""
"w106_a","マルチ・ブロック","2","w006_a","1","風","68","30","110","34","0","0","外周の厚みを細かく変化させた形。ぶつかったときの激しいショックを逃がす。","242","ディフェンス上位","",""
"w106_e","マルチ・ブロック","2","w006_e","1","土","68","30","110","34","0","0","外周の厚みを細かく変化させた形。ぶつかったときの激しいショックを逃がす。","242","ディフェンス上位","",""
"w106_w","マルチ・ブロック","2","w006_w","1","水","68","30","110","34","0","0","外周の厚みを細かく変化させた形。ぶつかったときの激しいショックを逃がす。","242","ディフェンス上位","",""
"w106_n","マルチ・ブロック","2","w006_n","1","無","68","30","110","34","0","0","外周の厚みを細かく変化させた形。ぶつかったときの激しいショックを逃がす。","242","ディフェンス上位","",""
"w107_f","コア・アーマー","2","w007_f","1","火","79","48","76","32","0","0","金属を隙間なくぎっしり詰め込んだ重い造り。接触されても回転軸がブレない。","235","アタック盛り","",""
"w107_a","コア・アーマー","2","w007_a","1","風","79","48","76","32","0","0","金属を隙間なくぎっしり詰め込んだ重い造り。接触されても回転軸がブレない。","235","アタック盛り","",""
"w107_e","コア・アーマー","2","w007_e","1","土","79","48","76","32","0","0","金属を隙間なくぎっしり詰め込んだ重い造り。接触されても回転軸がブレない。","235","アタック盛り","",""
"w107_w","コア・アーマー","2","w007_w","1","水","79","48","76","32","0","0","金属を隙間なくぎっしり詰め込んだ重い造り。接触されても回転軸がブレない。","235","アタック盛り","",""
"w107_n","コア・アーマー","2","w007_n","1","無","79","48","76","32","0","0","金属を隙間なくぎっしり詰め込んだ重い造り。接触されても回転軸がブレない。","235","アタック盛り","",""
"w108_f","スリム・ウエイト","2","w008_f","1","火","71","33","82","49","0","0","全体を薄く仕上げて軽くしたリング。機体の軽快な旋回を支える。","235","スピード盛り","",""
"w108_a","スリム・ウエイト","2","w008_a","1","風","71","33","82","49","0","0","全体を薄く仕上げて軽くしたリング。機体の軽快な旋回を支える。","235","スピード盛り","",""
"w108_e","スリム・ウエイト","2","w008_e","1","土","71","33","82","49","0","0","全体を薄く仕上げて軽くしたリング。機体の軽快な旋回を支える。","235","スピード盛り","",""
"w108_w","スリム・ウエイト","2","w008_w","1","水","71","33","82","49","0","0","全体を薄く仕上げて軽くしたリング。機体の軽快な旋回を支える。","235","スピード盛り","",""
"w108_n","スリム・ウエイト","2","w008_n","1","無","71","33","82","49","0","0","全体を薄く仕上げて軽くしたリング。機体の軽快な旋回を支える。","235","スピード盛り","",""
"w201_f","ヴァリアント・ディスク","2","w001_f","2","火","140","82","136","60","0","0","扱いやすい丸いバランスはそのままに、衝撃に耐えるよう全体の枠を太く補強。","418","バランス下位","",""
"w201_a","ヴァリアント・ディスク","2","w001_a","2","風","140","82","136","60","0","0","扱いやすい丸いバランスはそのままに、衝撃に耐えるよう全体の枠を太く補強。","418","バランス下位","",""
"w201_e","ヴァリアント・ディスク","2","w001_e","2","土","140","82","136","60","0","0","扱いやすい丸いバランスはそのままに、衝撃に耐えるよう全体の枠を太く補強。","418","バランス下位","",""
"w201_w","ヴァリアント・ディスク","2","w001_w","2","水","140","82","136","60","0","0","扱いやすい丸いバランスはそのままに、衝撃に耐えるよう全体の枠を太く補強。","418","バランス下位","",""
"w201_n","ヴァリアント・ディスク","2","w001_n","2","無","140","82","136","60","0","0","扱いやすい丸いバランスはそのままに、衝撃に耐えるよう全体の枠を太く補強。","418","バランス下位","",""
"w202_f","クロス・コア","2","w002_f","2","火","176","72","158","78","0","0","中心部に十字の太い肉厚を施した形状。激しい衝突でも回転の芯がぶれにくい。","484","バランス上位","",""
"w202_a","クロス・コア","2","w002_a","2","風","176","72","158","78","0","0","中心部に十字の太い肉厚を施した形状。激しい衝突でも回転の芯がぶれにくい。","484","バランス上位","",""
"w202_e","クロス・コア","2","w002_e","2","土","176","72","158","78","0","0","中心部に十字の太い肉厚を施した形状。激しい衝突でも回転の芯がぶれにくい。","484","バランス上位","",""
"w202_w","クロス・コア","2","w002_w","2","水","176","72","158","78","0","0","中心部に十字の太い肉厚を施した形状。激しい衝突でも回転の芯がぶれにくい。","484","バランス上位","",""
"w202_n","クロス・コア","2","w002_n","2","無","176","72","158","78","0","0","中心部に十字の太い肉厚を施した形状。激しい衝突でも回転の芯がぶれにくい。","484","バランス上位","",""
"w203_f","ハンター・コア","2","w003_f","2","火","188","62","108","60","0","0","内側を深く削って極限まで肉抜きした仕様。機体の旋回スピードを大きく上げる。","418","アタック下位","",""
"w203_a","ハンター・コア","2","w003_a","2","風","188","62","108","60","0","0","内側を大きく削って極限まで肉抜きした仕様。機体の旋回スピードを大きく上げる。","418","アタック下位","",""
"w203_e","ハンター・コア","2","w003_e","2","土","188","62","108","60","0","0","内側を大きく削って極限まで肉抜きした仕様。機体の旋回スピードを大きく上げる。","418","アタック下位","",""
"w203_w","ハンター・コア","2","w003_w","2","水","188","62","108","60","0","0","内側を大きく削って極限まで肉抜きした仕様。機体の旋回スピードを大きく上げる。","418","アタック下位","",""
"w203_n","ハンター・コア","2","w003_n","2","無","188","62","108","60","0","0","内側を大きく削って極限まで肉抜きした仕様。機体の旋回スピードを大きく上げる。","418","アタック下位","",""
"w204_f","ブラッディ・ディスク","2","w004_f","2","火","226","54","132","70","0","0","外側に複数本の肉厚なリブを配置。まわる遠心力を利用して激突力を高める。","482","アタック上位","",""
"w204_a","ブラッディ・ディスク","2","w004_a","2","風","226","54","132","70","0","0","外側に複数本の肉厚なリブを配置。まわる遠心力を利用して激突力を高める。","482","アタック上位","",""
"w204_e","ブラッディ・ディスク","2","w004_e","2","土","226","54","132","70","0","0","外側に複数本の肉厚なリブを配置。まわる遠心力を利用して激突力を高める。","482","アタック上位","",""
"w204_w","ブラッディ・ディスク","2","w004_w","2","水","226","54","132","70","0","0","外側に複数本の肉厚なリブを配置。まわる遠心力を利用して激突力を高める。","482","アタック上位","",""
"w204_n","ブラッディ・ディスク","2","w004_n","2","無","226","54","132","70","0","0","外側に複数本の肉厚なリブを配置。まわる遠心力を利用して激突力を高める。","482","アタック上位","",""
"w205_f","フェザー・ディスク","2","w005_f","2","火","112","68","186","54","0","0","外縁部をナイフのように薄く削りだした形状。正面からの激しい衝撃をはね返す。","420","ディフェンス下位","",""
"w205_a","フェザー・ディスク","2","w005_a","2","風","112","68","186","54","0","0","外縁部をナイフのように薄く削りだした形状。正面からの激しい衝撃をはね返す。","420","ディフェンス下位","",""
"w205_e","フェザー・ディスク","2","w005_e","2","土","112","68","186","54","0","0","外縁部をナイフのように薄く削りだした形状。正面からの激しい衝撃をはね返す。","420","ディフェンス下位","",""
"w205_w","フェザー・ディスク","2","w005_w","2","水","112","68","186","54","0","0","外縁部をナイフのように薄く削りだした形状。正面からの激しい衝撃をはね返す。","420","ディフェンス下位","",""
"w205_n","フェザー・ディスク","2","w005_n","2","無","112","68","186","54","0","0","外縁部をナイフのように薄く削りだした形状。正面からの激しい衝撃をはね返す。","420","ディフェンス下位","",""
"w206_f","オーラ・コア","2","w006_f","2","火","136","60","220","68","0","0","外周の凹凸を細かく滑らかに調整した形。連続こすれ合いによるスタミナ低下を防ぐ。","484","ディフェンス上位","",""
"w206_a","オーラ・コア","2","w006_a","2","風","136","60","220","68","0","0","外周の凹凸を細かく滑らかに調整した形。連続こすれ合いによるスタミナ低下を防ぐ。","484","ディフェンス上位","",""
"w206_e","オーラ・コア","2","w006_e","2","土","136","60","220","68","0","0","外周の凹凸を細かく滑らかに調整した形。連続こすれ合いによるスタミナ低下を防ぐ。","484","ディフェンス上位","",""
"w206_w","オーラ・コア","2","w006_w","2","水","136","60","220","68","0","0","外周の凹凸を細かく滑らかに調整した形。連続こすれ合いによるスタミナ低下を防ぐ。","484","ディフェンス上位","",""
"w206_n","オーラ・コア","2","w006_n","2","無","136","60","220","68","0","0","外周の凹凸を細かく滑らかに調整した形。連続こすれ合いによるスタミナ低下を防ぐ。","484","ディフェンス上位","",""
"w207_f","ワイルド・ディスク","2","w007_f","2","火","158","96","152","64","0","0","全体の肉厚を均一に増やした重量級。どのような衝突でも芯が絶対に揺らがない。","470","アタック盛り","",""
"w207_a","ワイルド・ディスク","2","w007_a","2","風","158","96","152","64","0","0","全体の肉厚を均一に増やした重量級。どのような衝突でも芯が絶対に揺らがない。","470","アタック盛り","",""
"w207_e","ワイルド・ディスク","2","w007_e","2","土","158","96","152","64","0","0","全体の肉厚を均一に増やした重量級。どのような衝突でも芯が絶対に揺らがない。","470","アタック盛り","",""
"w207_w","ワイルド・ディスク","2","w007_w","2","水","158","96","152","64","0","0","全体の肉厚を均一に増やした重量級。どのような衝突でも芯が絶対に揺らがない。","470","アタック盛り","",""
"w207_n","ワイルド・ディスク","2","w007_n","2","無","158","96","152","64","0","0","全体の肉厚を均一に増やした重量級。どのような衝突でも芯が絶対に揺らがない。","470","アタック盛り","",""
"w208_f","ミラージュ・ディスク","2","w008_f","2","火","142","66","164","98","0","0","全体の厚みを極限まで薄く成形。総重量を減らすことで素早い旋回を大きく助ける。","470","スピード盛り","",""
"w208_a","ミラージュ・ディスク","2","w008_a","2","風","142","66","164","98","0","0","全体の厚みを極限まで薄く成形。総重量を減らすことで素早い旋回を大きく助ける。","470","スピード盛り","",""
"w208_e","ミラージュ・ディスク","2","w008_e","2","土","142","66","164","98","0","0","全体の厚みを極限まで薄く成形。総重量を減らすことで素早い旋回を大きく助ける。","470","スピード盛り","",""
"w208_w","ミラージュ・ディスク","2","w008_w","2","水","142","66","164","98","0","0","全体の厚みを極限まで薄く成形。総重量を減らすことで素早い旋回を大きく助ける。","470","スピード盛り","",""
"w208_n","ミラージュ・ディスク","2","w008_n","2","無","142","66","164","98","0","0","全体の厚みを極限まで薄く成形。総重量を減らすことで素早い旋回を大きく助ける。","470","スピード盛り","",""
"w301_f","セイント・ディスク","2","w001_f","3","火","210","123","204","90","0","0","真ん中から外側までの重量配分を高度に均一化。あらゆるスタジアムに適合する。","627","バランス下位","",""
"w301_a","セイント・ディスク","2","w001_a","3","風","210","123","204","90","0","0","真ん中から外側までの重量配分を高度に均一化。あらゆるスタジアムに適合する。","627","バランス下位","",""
"w301_e","セイント・ディスク","2","w001_e","3","土","210","123","204","90","0","0","真ん中から外側までの重量配分を高度に均一化。あらゆるスタジアムに適合する。","627","バランス下位","",""
"w301_w","セイント・ディスク","2","w001_w","3","水","210","123","204","90","0","0","真ん中から外側までの重量配分を高度に均一化。あらゆるスタジアムに適合する。","627","バランス下位","",""
"w301_n","セイント・ディスク","2","w001_n","3","無","210","123","204","90","0","0","真ん中から外側までの重量配分を高度に均一化。あらゆるスタジアムに適合する。","627","バランス下位","",""
"w302_f","クラウン・ディスク","2","w002_f","3","火","264","108","237","117","0","0","内周の芯の部分に重量をぎゅっと集めた構造。激突された時のふらつきを抑える。","726","バランス上位","",""
"w302_a","クラウン・ディスク","2","w002_a","3","風","264","108","237","117","0","0","内周の芯の部分に重量をぎゅっと集めた構造。激突された時のふらつきを抑える。","726","バランス上位","",""
"w302_e","クラウン・ディスク","2","w002_e","3","土","264","108","237","117","0","0","内周の芯の部分に重量をぎゅっと集めた構造。激突された時のふらつきを抑える。","726","バランス上位","",""
"w302_w","クラウン・ディスク","2","w002_w","3","水","264","108","237","117","0","0","内周の芯の部分に重量をぎゅっと集めた構造。激突された時のふらつきを抑える。","726","バランス上位","",""
"w302_n","クラウン・ディスク","2","w002_n","3","無","264","108","237","117","0","0","内周の芯の部分に重量をぎゅっと集めた構造。激突された時のふらつきを抑える。","726","バランス上位","",""
"w303_f","ソニック・ウェイト","2","w003_f","3","火","282","93","162","90","0","0","内側を深く削りだした特殊な軽量化枠。機体の持久性能と軽快な動きを支える。","627","アタック下位","",""
"w303_a","ソニック・ウェイト","2","w003_a","3","風","282","93","162","90","0","0","内側を深く削りだした特殊な軽量化枠。機体の持久性能と軽快な動きを支える。","627","アタック下位","",""
"w303_e","ソニック・ウェイト","2","w003_e","3","土","282","93","162","90","0","0","内側を深く削りだした特殊な軽量化枠。機体の持久性能と軽快な動きを支える。","627","アタック下位","",""
"w303_w","ソニック・ウェイト","2","w003_w","3","水","282","93","162","90","0","0","内側を深く削りだした特殊な軽量化枠。機体の持久性能と軽快な動きを支える。","627","アタック下位","",""
"w303_n","ソニック・ウェイト","2","w003_n","3","無","282","93","162","90","0","0","内側を深く削りだした特殊な軽量化枠。機体の持久性能と軽快な動きを支える。","627","アタック下位","",""
"w304_f","ボルテックス_ディスク","2","w004_f","3","火","339","81","198","105","0","0","外側に４つの大きなウエイトを配置。強烈な遠心力で一撃の重みを強化する。","723","アタック上位","",""
"w304_a","ボルテックス_ディスク","2","w004_a","3","風","339","81","198","105","0","0","外側に４つの大きなウエイトを配置。強烈な遠心力で一撃の重みを強化する。","723","アタック上位","",""
"w304_e","ボルテックス_ディスク","2","w004_e","3","土","339","81","198","105","0","0","外側に４つの大きなウエイトを配置。強烈な遠心力で一撃の重みを強化する。","723","アタック上位","",""
"w304_w","ボルテックス_ディスク","2","w004_w","3","水","339","81","198","105","0","0","外側に４つの大きなウエイトを配置。強烈な遠心力で一撃の重みを強化する。","723","アタック上位","",""
"w304_n","ボルテックス_ディスク","2","w004_n","3","無","339","81","198","105","0","0","外側に４つの大きなウエイトを配置。強烈な遠心力で一撃の重みを強化する。","723","アタック上位","",""
"w305_f","ブリザード・コア","2","w005_f","3","火","168","102","279","81","0","0","外周のフチを刃物のように鋭く尖らせた形。相手からの激しい激突エネルギーを遮断する。","630","ディフェンス下位","",""
"w305_a","ブリザード・コア","2","w005_a","3","風","168","102","279","81","0","0","外周のフチを刃物のように鋭く尖らせた形。相手からの激しい激突エネルギーを遮断する。","630","ディフェンス下位","",""
"w305_e","ブリザード・コア","2","w005_e","3","土","168","102","279","81","0","0","外周のフチを刃物のように鋭く尖らせた形。相手からの激しい激突エネルギーを遮断する。","630","ディフェンス下位","",""
"w305_w","ブリザード・コア","2","w005_w","3","水","168","102","279","81","0","0","外周のフチを刃物のように鋭く尖らせた形。相手からの激しい激突エネルギーを遮断する。","630","ディフェンス下位","",""
"w305_n","ブリザード・コア","2","w005_n","3","無","168","102","279","81","0","0","外周のフチを刃物のように鋭く尖らせた形。相手からの激しい激突エネルギーを遮断する。","630","ディフェンス下位","",""
"w306_f","アーク・ディスク","2","w006_f","3","火","204","90","330","102","0","0","外周に沿って波状の厚みをもたせた構造。ぶつかった瞬間の激しいショックを逃がす。","726","ディフェンス上位","",""
"w306_a","アーク・ディスク","2","w006_a","3","風","204","90","330","102","0","0","外周に沿って波状の厚みをもたせた構造。ぶつかった瞬間の激しいショックを逃がす。","726","ディフェンス上位","",""
"w306_e","アーク・ディスク","2","w006_e","3","土","204","90","330","102","0","0","外周に沿って波状の厚みをもたせた構造。ぶつかった瞬間の激しいショックを逃がす。","726","ディフェンス上位","",""
"w306_w","アーク・ディスク","2","w006_w","3","水","204","90","330","102","0","0","外周に沿って波状の厚みをもたせた構造。ぶつかった瞬間の激しいショックを逃がす。","726","ディフェンス上位","",""
"w306_n","アーク・ディスク","2","w006_n","3","無","204","90","330","102","0","0","外周に沿って波状の厚みをもたせた構造。ぶつかった瞬間の激しいショックを逃がす。","726","ディフェンス上位","",""
"w307_f","ガーディアン_ディスク","2","w007_f","3","火","237","144","228","96","0","0","隙間なくびっしりと鉄を詰め込んだ極厚リング。正面衝突されても回転軸を維持する。","705","アタック盛り","",""
"w307_a","ガーディアン_ディスク","2","w007_a","3","風","237","144","228","96","0","0","隙間なくびっしりと鉄を詰め込んだ極厚リング。正面衝突されても回転軸を維持する。","705","アタック盛り","",""
"w307_e","ガーディアン_ディスク","2","w007_e","3","土","237","144","228","96","0","0","隙間なくびっしりと鉄を詰め込んだ極厚リング。正面衝突されても回転軸を維持する。","705","アタック盛り","",""
"w307_w","ガーディアン_ディスク","2","w007_w","3","水","237","144","228","96","0","0","隙間なくびっしりと鉄を詰め込んだ極厚リング。正面衝突されても回転軸を維持する。","705","アタック盛り","",""
"w307_n","ガーディアン_ディスク","2","w007_n","3","無","237","144","228","96","0","0","隙間なくびっしりと鉄を詰め込んだ極厚リング。正面衝突されても回転軸を維持する。","705","アタック盛り","",""
"w308_f","マッハ・ディスク","2","w008_f","3","火","213","99","246","147","0","0","厚みを極限まで削って軽量化した形。総重量を大胆にカットして旋回のキレを助ける。","705","スピード盛り","",""
"w308_a","マッハ・ディスク","2","w008_a","3","風","213","99","246","147","0","0","厚みを極限まで削って軽量化した形。総重量を大胆にカットして旋回のキレを助ける。","705","スピード盛り","",""
"w308_e","マッハ・ディスク","2","w008_e","3","土","213","99","246","147","0","0","厚みを極限まで削って軽量化した形。総重量を大胆にカットして旋回のキレを助ける。","705","スピード盛り","",""
"w308_w","マッハ・ディスク","2","w008_w","3","水","213","99","246","147","0","0","厚みを極限まで削って軽量化した形。総重量を大胆にカットして旋回のキレを助ける。","705","スピード盛り","",""
"w308_n","マッハ・ディスク","2","w008_n","3","無","213","99","246","147","0","0","厚みを極限まで削って軽量化した形。総重量を大胆にカットして旋回のキレを助ける。","705","スピード盛り","",""
"w401_f","インターセプト・コア","2","w001_f","4","火","280","164","272","120","0","0","形状の重さを均一に整えたメタルリング。あらゆる戦術に対応し、扱いやすい。","836","バランス下位","",""
"w401_a","インターセプト・コア","2","w001_a","4","風","280","164","272","120","0","0","形状の重さを均一に整えたメタルリング。あらゆる戦術に対応し、扱いやすい。","836","バランス下位","",""
"w401_e","インターセプト・コア","2","w001_e","4","土","280","164","272","120","0","0","形状の重さを均一に整えたメタルリング。あらゆる戦術に対応し、扱いやすい。","836","バランス下位","",""
"w401_w","インターセプト・コア","2","w001_w","4","水","280","164","272","120","0","0","形状の重さを均一に整えたメタルリング。あらゆる戦術に対応し、扱いやすい。","836","バランス下位","",""
"w401_n","インターセプト・コア","2","w001_n","4","無","280","164","272","120","0","0","形状の重さを均一に整えたメタルリング。あらゆる戦術に対応し、扱いやすい。","836","バランス下位","",""
"w402_f","ディフェンダー・リング","2","w002_f","4","火","352","144","316","156","0","0","外側にバランスよく重さを乗せた形。相手と激しくぶつかっても体勢を維持しやすい。","968","バランス上位","",""
"w402_a","ディフェンダー・リング","2","w002_a","4","風","352","144","316","156","0","0","外側にバランスよく重さを乗せた形。相手と激しくぶつかっても体勢を維持しやすい。","968","バランス上位","",""
"w402_e","ディフェンダー・リング","2","w002_e","4","土","352","144","316","156","0","0","外側にバランスよく重さを乗せた形。相手と激しくぶつかっても体勢を維持しやすい。","968","バランス上位","",""
"w402_w","ディフェンダー_リング","2","w002_w","4","水","352","144","316","156","0","0","外側にバランスよく重さを乗せた形。相手と激しくぶつかっても体勢を維持しやすい。","968","バランス上位","",""
"w402_n","ディフェンダー・リング","2","w002_n","4","無","352","144","316","156","0","0","外側にバランスよく重さを乗せた形。相手と激しくぶつかっても体勢を維持しやすい。","968","バランス上位","",""
"w403_f","ライオット・ソリッド","2","w403_f","4","火","376","124","216","120","0","0","内側を大きく肉抜きした軽量構造。無駄な重さをなくしまわる反応を高める。","836","アタック下位","",""
"w403_a","ライオット・ソリッド","2","w403_a","4","風","376","124","216","120","0","0","内側を大きく肉抜きした軽量構造。無駄な重さをなくしまわる反応を高める。","836","アタック下位","",""
"w403_e","ライオット・ソリッド","2","w403_e","4","土","376","124","216","120","0","0","内側を大きく肉抜きした軽量構造。無駄な重さをなくしまわる反応を高める。","836","アタック下位","",""
"w403_w","ライオット・ソリッド","2","w403_w","4","水","376","124","216","120","0","0","内側を大きく肉抜きした軽量構造。無駄な重さをなくしまわる反応を高める。","836","アタック下位","",""
"w403_n","ライオット・ソリッド","2","w403_n","4","無","376","124","216","120","0","0","内側を大きく肉抜きした軽量構造。無駄な重さをなくしまわる反応を高める。","836","アタック下位","",""
"w404_f","ディスラプター・ディスク","2","w004_f","4","火","452","108","264","140","0","0","外輪に４つの重いウエイトを配置。回転の勢いを利用して衝突時の衝撃を強くする。","964","アタック上位","",""
"w404_a","ディスラプター・ディスク","2","w004_a","4","風","452","108","264","140","0","0","外輪に４つの重いウエイトを配置。回転の勢いを利用して衝突時の衝撃を強くする。","964","アタック上位","",""
"w404_e","ディスラプター・ディスク","2","w004_e","4","土","452","108","264","140","0","0","外輪に４つの重いウエイトを配置。回転の勢いを利用して衝突時の衝撃を強くする。","964","アタック上位","",""
"w404_w","ディスラプター・ディスク","2","w004_w","4","水","452","108","264","140","0","0","外輪に４つの重いウエイトを配置。回転の勢いを利用して衝突時の衝撃を強くする。","964","アタック上位","",""
"w404_n","ディスラプター・ディスク","2","w004_n","4","無","452","108","264","140","0","0","外輪に４つの重いウエイトを配置。回転の勢いを利用して衝突時の衝撃を強くする。","964","アタック上位","",""
"w405_f","ハンティング・バラスト","2","w005_f","4","火","224","136","372","108","0","0","外縁をシャープに尖らせたエッジリング。相手から受ける強い衝撃をはね返す。","840","ディフェンス下位","",""
"w405_a","ハンティング・バラスト","2","w005_a","4","風","224","136","372","108","0","0","外縁をシャープに尖らせたエッジリング。相手から受ける強い衝撃をはね返す。","840","ディフェンス下位","",""
"w405_e","ハンティング・バラスト","2","w005_e","4","土","224","136","372","108","0","0","外縁をシャープに尖らせたエッジリング。相手から受ける強い衝撃をはね返す。","840","ディフェンス下位","",""
"w405_w","ハンティング・バラスト","2","w005_w","4","水","224","136","372","108","0","0","外縁をシャープに尖らせたエッジリング。相手から受ける強い衝撃をはね返す。","840","ディフェンス下位","",""
"w405_n","ハンティング・バラスト","2","w005_n","4","無","224","136","372","108","0","0","外縁をシャープに尖らせたエッジリング。相手から受ける強い衝撃をはね返す。","840","ディフェンス下位","",""
"w406_f","タクティカル・コア","2","w006_f","4","火","272","120","440","136","0","0","厚みを変化させた波状のデコボコ構造。ぶつかり合いの激しいショックを逃がす。","968","ディフェンス上位","",""
"w406_a","タクティカル・コア","2","w006_a","4","風","272","120","440","136","0","0","厚みを変化させた波状のデコボコ構造。ぶつかり合いの激しいショックを逃がす。","968","ディフェンス上位","",""
"w406_e","タクティカル・コア","2","w006_e","4","土","272","120","440","136","0","0","厚みを変化させた波状のデコボコ構造。ぶつかり合いの激しいショックを逃がす。","968","ディフェンス上位","",""
"w406_w","タクティカル・コア","2","w006_w","4","水","272","120","440","136","0","0","厚みを変化させた波状のデコボコ構造。ぶつかり合いの激しいショックを逃がす。","968","ディフェンス上位","",""
"w406_n","タクティカル・コア","2","w006_n","4","無","272","120","440","136","0","0","厚みを変化させた波状のデコボコ構造。ぶつかり合いの激しいショックを逃がす。","968","ディフェンス上位","",""
"w407_f","クレスト・ディスク","2","w007_f","4","火","316","192","304","128","0","0","金属を高密度で隙間なく詰め込んだ重量級。激突されてもまわる軸がブレない。","940","アタック盛り","",""
"w407_a","クレスト・ディスク","2","w007_a","4","風","316","192","304","128","0","0","金属を高密度で隙間なく詰め込んだ重量級。激突されてもまわる軸がブレない。","940","アタック盛り","",""
"w407_e","クレスト・ディスク","2","w007_e","4","土","316","192","304","128","0","0","金属を高密度で隙間なく詰め込んだ重量級。激突されてもまわる軸がブレない。","940","アタック盛り","",""
"w407_w","クレスト・ディスク","2","w007_w","4","水","316","192","304","128","0","0","金属を高密度で隙間なく詰め込んだ重量級。激突されてもまわる軸がブレない。","940","アタック盛り","",""
"w407_n","クレスト・ディスク","2","w007_n","4","無","316","192","304","128","0","0","金属を高密度で隙間なく詰め込んだ重量級。激突されてもまわる軸がブレない。","940","アタック盛り","",""
"w408_f","ステルス・コア","2","w008_f","4","火","284","132","328","196","0","0","全体を薄く作って軽く仕上げたディスク。機体の俊敏なまわりを邪魔しない。","940","スピード盛り","",""
"w408_a","ステルス・コア","2","w008_a","4","風","284","132","328","196","0","0","全体を薄く作って軽く仕上げたディスク。機体の俊敏なまわりを邪魔しない。","940","スピード盛り","",""
"w408_e","ステルス・コア","2","w008_e","4","土","284","132","328","196","0","0","全体を薄く作って軽く仕上げたディスク。機体の俊敏なまわりを邪魔しない。","940","スピード盛り","",""
"w408_w","ステルス・コア","2","w008_w","4","水","284","132","328","196","0","0","全体を薄く作って軽く仕上げたディスク。機体の俊敏なまわりを邪魔しない。","940","スピード盛り","",""
"w408_n","ステルス・コア","2","w008_n","4","無","284","132","328","196","0","0","全体を薄く作って軽く仕上げたディスク。機体の俊敏なまわりを邪魔しない。","940","スピード盛り","",""
"w501_f","ギャラクシー・コア","2","w001_f","5","火","350","205","340","150","0","0","高い精度で重さのバランスを均一にした丸形。すべての戦術に対応できる。","1045","バランス下位","",""
"w501_a","ギャラクシー・コア","2","w001_a","5","風","350","205","340","150","0","0","高い精度で重さのバランスを均一にした丸形。すべての戦術に対応できる。","1045","バランス下位","",""
"w501_e","ギャラクシー・コア","2","w001_e","5","土","350","205","340","150","0","0","高い精度で重さのバランスを均一にした丸形。すべての戦術に対応できる。","1045","バランス下位","",""
"w501_w","ギャラクシー・コア","2","w001_w","5","水","350","205","340","150","0","0","高い精度で重さのバランスを均一にした丸形。すべての戦術に対応できる。","1045","バランス下位","",""
"w501_n","ギャラクシー・コア","2","w001_n","5","無","350","205","340","150","0","0","高い精度で重さのバランスを均一にした丸形。すべての戦術に対応できる。","1045","バランス下位","",""
"w502_f","アストラル・オーブ","2","w002_f","5","火","440","180","395","195","0","0","外周部分を極厚に設計した強い形。相手と激しくこすれ合っても回転を落とさない。","1210","バランス上位","",""
"w502_a","アストラル・オーブ","2","w002_a","5","風","440","180","395","195","0","0","外周部分を極厚に設計した強い形。相手と激しくこすれ合っても回転を落とさない。","1210","バランス上位","",""
"w502_e","アストラル・オーブ","2","w002_e","5","土","440","180","395","195","0","0","外周部分を極厚に設計した強い形。相手と激しくこすれ合っても回転を落とさない。","1210","バランス上位","",""
"w502_w","アストラル・オーブ","2","w002_w","5","水","440","180","395","195","0","0","外周部分を極厚に設計した強い形。相手と激しくこすれ合っても回転を落とさない。","1210","バランス上位","",""
"w502_n","アストラル・オーブ","2","w002_n","5","無","440","180","395","195","0","0","外周部分を極厚に設計した強い形。相手と激しくこすれ合っても回転を落とさない。","1210","バランス上位","",""
"w503_f","ジェネシス・コア","2","w003_f","5","火","470","155","270","150","0","0","内側を限界までくり抜いた超軽量アロイ。無駄な負荷をなくし旋回の反応を高める。","1045","アタック下位","",""
"w503_a","ジェネシス・コア","2","w003_a","5","風","470","155","270","150","0","0","内側を限界までくり抜いた超軽量アロイ。無駄な負荷をなくし旋回の反応を高める。","1045","アタック下位","",""
"w503_e","ジェネシス・コア","2","w003_e","5","土","470","155","270","150","0","0","内側を限界までくり抜いた超軽量アロイ。無駄な負荷をなくし旋回の反応を高める。","1045","アタック下位","",""
"w503_w","ジェネシス・コア","2","w003_w","5","水","470","155","270","150","0","0","内側を限界までくり抜いた超軽量アロイ。無駄な負荷をなくし旋回の反応を高める。","1045","アタック下位","",""
"w503_n","ジェネシス・コア","2","w003_n","5","無","470","155","270","150","0","0","内側を限界までくり抜いた超軽量アロイ。無駄な負荷をなくし旋回の反応を高める。","1045","アタック下位","",""
"w504_f","カラミティ・コア","2","w004_f","5","火","565","135","330","175","0","0","外輪に大きな重量ブロックを複数配置。強力な遠心力を生み出して激突力を上げる。","1205","アタック上位","",""
"w504_a","カラミティ・コア","2","w004_a","5","風","565","135","330","175","0","0","外輪に大きな重量ブロックを複数配置。強力な遠心力を生み出して激突力を上げる。","1205","アタック上位","",""
"w504_e","カラミティ・コア","2","w004_e","5","土","565","135","330","175","0","0","外輪に大きな重量ブロックを複数配置。強力な遠心力を生み出して激突力を上げる。","1205","アタック上位","",""
"w504_w","カラミティ・コア","2","w004_w","5","水","565","135","330","175","0","0","外輪に大きな重量ブロックを複数配置。強力な遠心力を生み出して激突力を上げる。","1205","アタック上位","",""
"w504_n","カラミティ・コア","2","w004_n","5","無","565","135","330","175","0","0","外輪に大きな重量ブロックを複数配置。強力な遠心力を生み出して激突力を上げる。","1205","アタック上位","",""
"w505_f","フリーズ・コア","2","w005_f","5","火","280","170","465","135","0","0","外のフチを刃物のように薄く鋭く削った形。正面からの強いアタックを遮断する。","1050","ディフェンス下位","",""
"w505_a","フリーズ・コア","2","w005_a","5","風","280","170","465","135","0","0","外のフチを刃物のように薄く鋭く削った形。正面からの強いアタックを遮断する。","1050","ディフェンス下位","",""
"w505_e","フリーズ・コア","2","w005_e","5","土","280","170","465","135","0","0","外のフチを刃物のように薄く鋭く削った形。正面からの強いアタックを遮断する。","1050","ディフェンス下位","",""
"w505_w","フリーズ・コア","2","w005_w","5","水","280","170","465","135","0","0","外のフチを刃物のように薄く鋭く削った形。正面からの強いアタックを遮断する。","1050","ディフェンス下位","",""
"w505_n","フリーズ・コア","2","w005_n","5","無","280","170","465","135","0","0","外のフチを刃物のように薄く鋭く削った形。正面からの強いアタックを遮断する。","1050","ディフェンス下位","",""
"w506_f","ディバイン・コア","2","w006_f","5","火","340","150","550","170","0","0","波のような高低差をつけた外周フレーム。ぶつかった時の激しいショックを散らす。","1210","ディフェンス上位","",""
"w506_a","ディバイン・コア","2","w006_a","5","風","340","150","550","170","0","0","波のような高低差をつけた外周フレーム。ぶつかった時の激しいショックを散らす。","1210","ディフェンス上位","",""
"w506_e","ディバイン・コア","2","w006_e","5","土","340","150","550","170","0","0","波のような高低差をつけた外周フレーム。ぶつかった時の激しいショックを散らす。","1210","ディフェンス上位","",""
"w506_w","ディバイン・コア","2","w006_w","5","水","340","150","550","170","0","0","波のような高低差をつけた外周フレーム。ぶつかった時の激しいショックを散らす。","1210","ディフェンス上位","",""
"w506_n","ディバイン・コア","2","w006_n","5","無","340","150","550","170","0","0","波のような高低差をつけた外周フレーム。ぶつかった時の激しいショックを散らす。","1210","ディフェンス上位","",""
"w507_f","クォンタム・コア","2","w007_f","5","火","395","240","380","160","0","0","隙間なくずっしりと重量を詰め込んだ塊。どんな衝突がきても軸がピタリと安定する。","1175","アタック盛り","",""
"w507_a","クォンタム・コア","2","w007_a","5","風","395","240","380","160","0","0","隙間なくずっしりと重量を詰め込んだ塊。どんな衝突がきても軸がピタリと安定する。","1175","アタック盛り","",""
"w507_e","クォンタム・コア","2","w007_e","5","土","395","240","380","160","0","0","隙間なくずっしりと重量を詰め込んだ塊。どんな衝突がきても軸がピタリと安定する。","1175","アタック盛り","",""
"w507_w","クォンタム・コア","2","w007_w","5","水","395","240","380","160","0","0","隙間なくずっしりと重量を詰め込んだ塊。どんな衝突がきても軸がピタリと安定する。","1175","アタック盛り","",""
"w507_n","クォンタム・コア","2","w007_n","5","無","395","240","380","160","0","0","隙間なくずっしりと重量を詰め込んだ塊。どんな衝突がきても軸がピタリと安定する。","1175","アタック盛り","",""
"w508_f","クロノス・コア","2","w008_f","5","火","355","165","410","245","0","0","全体を限界まで薄く仕上げた軽量仕様。機体のスピードや旋回のキレを大きく支える。","1175","スピード盛り","",""
"w508_a","クロノス・コア","2","w008_a","5","風","355","165","410","245","0","0","全体を限界まで薄く仕上げた軽量仕様。機体のスピードや旋回のキレを大きく支える。","1175","スピード盛り","",""
"w508_e","クロノス・コア","2","w008_e","5","土","355","165","410","245","0","0","全体を限界まで薄く仕上げた軽量仕様。機体のスピードや旋回のキレを大きく支える。","1175","スピード盛り","",""
"w508_w","クロノス・コア","2","w008_w","5","水","355","165","410","245","0","0","全体を限界まで薄く仕上げた軽量仕様。機体のスピードや旋回のキレを大きく支える。","1175","スピード盛り","",""
"w508_n","クロノス・コア","2","w008_n","5","無","355","165","410","245","0","0","全体を限界まで薄く仕上げた軽量仕様。機体のスピードや旋回のキレを大きく支える。","1175","スピード盛り","",""
"w601_f","オムニ＝ディスク","2","w001_f","6","火","420","246","408","180","0","0","極限まで精密に重さを丸く均一にした形状。どのような戦局でも最高の力を出す。","1254","バランス下位","",""
"w601_a","オムニ＝ディスク","2","w001_a","6","風","420","246","408","180","0","0","極限まで精密に重さを丸く均一にした形状。どのような戦局でも最高の力を出す。","1254","バランス下位","",""
"w601_e","オムニ＝ディスク","2","w001_e","6","土","420","246","408","180","0","0","極限まで精密に重さを丸く均一にした形状。どのような戦局でも最高の力を出す。","1254","バランス下位","",""
"w601_w","オムニ＝ディスク","2","w001_w","6","水","420","246","408","180","0","0","極限まで精密に重さを丸く均一にした形状。どのような戦局でも最高の力を出す。","1254","バランス下位","",""
"w601_n","オムニ＝ディスク","2","w001_n","6","無","420","246","408","180","0","0","極限まで精密に重さを丸く均一にした形状。どのような戦局でも最高の力を出す。","1254","バランス下位","",""
"w602_f","ローレライ＝ディスク","2","w002_f","6","火","528","216","474","234","0","0","外周のふちを極限まで重く肉厚にした造り。激しい競り合いでも回転を絶対に落とさない。","1452","バランス上位","",""
"w602_a","ローレライ＝ディスク","2","w002_a","6","風","528","216","474","234","0","0","外周のふちを極限まで重く肉厚にした造り。激しい競り合いでも回転を絶対に落とさない。","1452","バランス上位","",""
"w602_e","ローレライ＝ディスク","2","w002_e","6","土","528","216","474","234","0","0","外周のふちを極限まで重く肉厚にした造り。激しい競り合いでも回転を絶対に落とさない。","1452","バランス上位","",""
"w602_w","ローレライ＝ディスク","2","w002_w","6","水","528","216","474","234","0","0","外周のふちを極限まで重く肉厚にした造り。激しい競り合いでも回転を絶対に落とさない。","1452","バランス上位","",""
"w602_n","ローレライ＝ディスク","2","w002_n","6","無","528","216","474","234","0","0","外周のふちを極限まで重く肉厚にした造り。激しい競り合いでも回転を絶対に落とさない。","1452","バランス上位","",""
"w603_f","ディザスター＝ウェイト","2","w003_f","6","火","564","186","324","180","0","0","内側を限界を超えてくり抜いた極限軽量枠。機体のスタミナと旋回反応を頂点まで高める。","1254","アタック下位","",""
"w603_a","ディザスター＝ウェイト","2","w003_a","6","風","564","186","324","180","0","0","内側を限界を超えてくり抜いた極限軽量枠。機体のスタミナと旋回反応を頂点まで高める。","1254","アタック下位","",""
"w603_e","ディザスター＝ウェイト","2","w003_e","6","土","564","186","324","180","0","0","内側を限界を超えてくり抜いた極限軽量枠。機体のスタミナと旋回反応を頂点まで高める。","1254","アタック下位","",""
"w603_w","ディザスター＝ウェイト","2","w003_w","6","水","564","186","324","180","0","0","内側を限界を超えてくり抜いた極限軽量枠。機体のスタミナと旋回反応を頂点まで高める。","1254","アタック下位","",""
"w603_n","ディザスター＝ウェイト","2","w003_n","6","無","564","186","324","180","0","0","内側を限界を超えてくり抜いた極限軽量枠。機体のスタミナと旋回反応を頂点まで高める。","1254","アタック下位","",""
"w604_f","デストロイヤー＝バラスト","2","w004_f","6","火","678","162","396","210","0","0","外縁に超重量の塊を複数搭載。すさまじい遠心力によって激突の一撃を最大級に重くする。","1446","アタック上位","",""
"w604_a","デストロイヤー＝バラスト","2","w004_a","6","風","678","162","396","210","0","0","外縁に超重量の塊を複数搭載。すさまじい遠心力によって激突の一撃を最大級に重くする。","1446","アタック上位","",""
"w604_e","デストロイヤー＝バラスト","2","w004_e","6","土","678","162","396","210","0","0","外縁に超重量の塊を複数搭載。すさまじい遠心力によって激突の一撃を最大級に重くする。","1446","アタック上位","",""
"w604_w","デストロイヤー＝バラスト","2","w004_w","6","水","678","162","396","210","0","0","外縁に超重量の塊を複数搭載。すさまじい遠心力によって激突の一撃を最大級に重くする。","1446","アタック上位","",""
"w604_n","デストロイヤー＝バラスト","2","w004_n","6","無","678","162","396","210","0","0","外縁に超重量の塊を複数搭載。すさまじい遠心力によって激突の一撃を最大級に重くする。","1446","アタック上位","",""
"w605_f","コキュートス＝ウェイト","2","w005_f","6","火","336","204","558","162","0","0","最外周を鋭いエッジ形状にしたディスク。相手から受けた激しい打撃の威力をはね返す。","1260","ディフェンス下位","",""
"w605_a","コキュートス＝ウェイト","2","w005_a","6","風","336","204","558","162","0","0","最外周を鋭いエッジ形状にしたディスク。相手から受けた激しい打撃の威力をはね返す。","1260","ディフェンス下位","",""
"w605_e","コキュートス＝ウェイト","2","w005_e","6","土","336","204","558","162","0","0","最外周を鋭いエッジ形状にしたディスク.相手から受けた激しい打撃の威力をはね返す。","1260","ディフェンス下位","",""
"w605_w","コキュートス＝ウェイト","2","w005_w","6","水","336","204","558","162","0","0","最外周を鋭いエッジ形状にしたディスク。相手から受けた激しい打撃の威力をはね返す。","1260","ディフェンス下位","",""
"w605_n","コキュートス＝ウェイト","2","w005_n","6","無","336","204","558","162","0","0","最外周を鋭いエッジ形状にしたディスク。相手から受けた激しい打撃の威力をはね返す。","1260","ディフェンス下位","",""
"w606_f","ヘブンズ＝コア","2","w006_f","6","火","408","180","660","204","0","0","外周に細かな波状の厚み変化をつけた最高峰の特殊枠。被弾時のショックを完全に逃がす。","1452","ディフェンス上位","",""
"w606_a","ヘブンズ＝コア","2","w006_a","6","風","408","180","660","204","0","0","外周に細かな波状の厚み変化をつけた最高峰の特殊枠。被弾時のショックを完全に逃がす。","1452","ディフェンス上位","",""
"w606_e","ヘブンズ＝コア","2","w006_e","6","土","408","180","660","204","0","0","外周に細かな波状の厚み変化をつけた最高峰の特殊枠。被弾時のショックを完全に逃がす。","1452","ディフェンス上位","",""
"w606_w","ヘブンズ＝コア","2","w006_w","6","水","408","180","660","204","0","0","外周に細かな波状の厚み変化をつけた最高峰の特殊枠。被弾時のショックを完全に逃がす。","1452","ディフェンス上位","",""
"w606_n","ヘブンズ＝コア","2","w006_n","6","無","408","180","660","204","0","0","外周に細かな波状の厚み変化をつけた最高峰の特殊枠。被弾時のショックを完全に逃がす。","1452","ディフェンス上位","",""
"w607_f","アブソリュート＝コア","2","w007_f","6","火","474","288","456","192","0","0","隙間なく限界まで金属を流し込んだ超重量。接触されても自機のまわる中心が揺るがない。","1410","アタック盛り","",""
"w607_a","アブソリュート＝コア","2","w007_a","6","風","474","288","456","192","0","0","隙間なく限界まで金属を流し込んだ超重量。接触されても自機のまわる中心が揺るがない。","1410","アタック盛り","",""
"w607_e","アブソリュート＝コア","2","w007_e","6","土","474","288","456","192","0","0","隙間なく限界まで金属を流し込んだ超重量。接触されても自機のまわる中心が揺るがない。","1410","アタック盛り","",""
"w607_w","アブソリュート＝コア","2","w007_w","6","水","474","288","456","192","0","0","隙間なく限界まで金属を流し込んだ超重量。接触されても自機のまわる中心が揺るがない。","1410","アタック盛り","",""
"w607_n","アブソリュート＝コア","2","w007_n","6","無","474","288","456","192","0","0","隙間なく限界まで金属を流し込んだ超重量。接触されても自機のまわる中心が揺るがない。","1410","アタック盛り","",""
"w608_f","ヴァルハラ＝ディスク","2","w008_f","6","火","426","198","492","294","0","0","全体の肉薄化を極限まで突き詰めた超軽量形。自機のスピードやまわる応答性を最上に保つ。","1410","スピード盛り","",""
"w608_a","ヴァルハラ＝ディスク","2","w008_a","6","風","426","198","492","294","0","0","全体の肉薄化を極限まで突き詰めた超軽量形。自機のスピードやまわる応答性を最上に保つ。","1410","スピード盛り","",""
"w608_e","ヴァルハラ＝ディスク","2","w008_e","6","土","426","198","492","294","0","0","全体の肉薄化を極限まで突き詰めた超軽量形。自機のスピードやまわる応答性を最上に保つ。","1410","スピード盛り","",""
"w608_w","ヴァルハラ＝ディスク","2","w008_w","6","水","426","198","492","294","0","0","全体の肉薄化を極限まで突き詰めた超軽量形。自機のスピードやまわる応答性を最上に保つ。","1410","スピード盛り","",""
"w608_n","ヴァルハラ＝ディスク","2","w008_n","6","無","426","198","492","294","0","0","全体の肉薄化を極限まで突き詰めた超軽量形。自機のスピードやまわる応答性を最上に保つ。","1410","スピード盛り","",""
"w609_n","レオ＝ゴールドメイル","2","w001_n","6","無","429","297","445","289","0","0","気高き獅子の誇りは、何ものにも傷つけられない。","1460","アーサーモデル","",""
"w610_n","カイザー＝マジェスティ","2","w001_n","6","無","541","146","671","102","0","0","皇帝の威厳は、いかなる挑戦者も許さない。","1460","店長モデル","",""
"s101_f","ベーシック・シャフト","3","s001_f","1","火","38","0","0","68","37","66","全体の重さと形のバランスを均一に設計した、初期型の軸先。","209","バランス下位","",""
"s101_a","ベーシック・シャフト","3","s001_a","1","風","38","0","0","68","37","66","全体の重さと形のバランスを均一に設計した、初期型の軸先。","209","バランス下位","",""
"s101_e","ベーシック・シャフト","3","s001_e","1","土","38","0","0","68","37","66","全体の重さと形のバランスを均一に設計した、初期型の軸先。","209","バランス下位","",""
"s101_w","ベーシック・シャフト","3","s001_w","1","水","38","0","0","68","37","66","全体の重さと形のバランスを均一に設計した、初期型の軸先。","209","バランス下位","",""
"s101_n","ベーシック・シャフト","3","s001_n","1","無","38","0","0","68","37","66","全体の重さと形のバランスを均一に設計した、初期型の軸先。","209","バランス下位","",""
"s102_f","ステップ・ソール","3","s002_f","1","火","35","0","0","87","39","81","接地を安定させる階段のような段差形状。滑らかにまわりながら体勢を保つ。","242","バランス上位","",""
"s102_a","ステップ・ソール","3","s002_a","1","風","35","0","0","87","39","81","接地を安定させる階段のような段差形状。滑らかにまわりながら体勢を保つ。","242","バランス上位","",""
"s102_e","ステップ・ソール","3","s002_e","1","土","35","0","0","87","39","81","接地を安定させる階段のような段差形状。滑らかにまわりながら体勢を保つ。","242","バランス上位","",""
"s102_w","ステップ・ソール","3","s002_w","1","水","35","0","0","87","39","81","接地を安定させる階段のような段差形状。滑らかにまわりながら体勢を保つ。","242","バランス上位","",""
"s102_n","ステップ・ソール","3","s002_n","1","無","35","0","0","87","39","81","接地を安定させる階段のような段差形状。滑らかにまわりながら体勢を保つ。","242","バランス上位","",""
"s103_f","ポインテッド・チップ","3","s003_f","1","火","40","0","0","91","29","49","先端をピンと尖らせることで床とのこすれを減らし、素早い旋回を可能にする。","209","スピード下位","",""
"s103_a","ポインテッド・チップ","3","s003_a","1","風","40","0","0","91","29","49","先端をピンと尖らせることで床とのこすれを減らし、素早い旋回を可能にする。","209","スピード下位","",""
"s103_e","ポインテッド・チップ","3","s003_e","1","土","40","0","0","91","29","49","先端をピンと尖らせることで床とのこすれを減らし、素早い旋回を可能にする。","209","スピード下位","",""
"s103_w","ポインテッド・チップ","3","s003_w","1","水","40","0","0","91","29","49","先端をピンと尖らせることで床とのこすれを減らし、素早い旋回を可能にする。","209","スピード下位","",""
"s103_n","ポインテッド・チップ","3","s003_n","1","無","40","0","0","91","29","49","先端をピンと尖らせることで床とのこすれを減らし、素早い旋回を可能にする。","209","スピード下位","",""
"s104_f","フラット・ハード","3","s004_f","1","火","35","0","0","109","38","59","硬い樹脂で平らな面を作った軸先。スタジアムの傾斜を利用して高速で走る。","241","スピード上位","",""
"s104_a","フラット・ハード","3","s004_a","1","風","35","0","0","109","38","59","硬い樹脂で平らな面を作った軸先。スタジアムの傾斜を利用して高速で走る。","241","スピード上位","",""
"s104_e","フラット・ハード","3","s004_e","1","土","35","0","0","109","38","59","硬い樹脂で平らな面を作った軸先。スタジアムの傾斜を利用して高速で走る。","241","スピード上位","",""
"s104_w","フラット・ハード","3","s004_w","1","水","35","0","0","109","38","59","硬い樹脂で平らな面を作った軸先。スタジアムの傾斜を利用して高速で走る。","241","スピード上位","",""
"s104_n","フラット・ハード","3","s004_n","1","無","35","0","0","109","38","59","硬い樹脂で平らな面を作った軸先。スタジアムの傾斜を利用して高速で走る。","241","スピード上位","",""
"s105_f","ワイド・フラット","3","s005_f","1","火","38","0","0","52","29","91","横幅が広い平らな形状をした軸先。急ブレーキや向きを変える動きに強い。","210","モビリティ下位","",""
"s105_a","ワイド・フラット","3","s005_a","1","風","38","0","0","52","29","91","横幅が広い平らな形状をした軸先。急ブレーキや向きを変える動きに強い。","210","モビリティ下位","",""
"s105_e","ワイド・フラット","3","s005_e","1","土","38","0","0","52","29","91","横幅が広い平らな形状をした軸先。急ブレーキや向きを変える動きに強い。","210","モビリティ下位","",""
"s105_w","ワイド・フラット","3","s005_w","1","水","38","0","0","52","29","91","横幅が広い平らな形状をした軸先。急ブレーキや向きを変える動きに強い。","210","モビリティ下位","",""
"s105_n","ワイド・フラット","3","s005_n","1","無","38","0","0","52","29","91","横幅が広い平らな形状をした軸先。急ブレーキや向きを変える動きに強い。","210","モビリティ下位","",""
"s106_f","ラバー・グリップ","3","s006_f","1","火","32","0","0","65","37","108","滑りづらい特殊なゴム素材を使用。床をしっかり掴み、鋭い旋回を生み出す。","242","モビリティ上位","",""
"s106_a","ラバー・グリップ","3","s006_a","1","風","32","0","0","65","37","108","滑りづらい特殊なゴム素材を使用。床をしっかり掴み、鋭い旋回を生み出す。","242","モビリティ上位","",""
"s106_e","ラバー・グリップ","3","s006_e","1","土","32","0","0","65","37","108","滑りづらい特殊なゴム素材を使用。床をしっかり掴み、鋭い旋回を生み出す。","242","モビリティ上位","",""
"s106_w","ラバー・グリップ","3","s006_w","1","水","32","0","0","65","37","108","滑りづらい特殊なゴム素材を使用.床をしっかり掴み、鋭い旋回を生み出す。","242","モビリティ上位","",""
"s106_n","ラバー・グリップ","3","s006_n","1","無","32","0","0","65","37","108","滑りづらい特殊なゴム素材を使用。床をしっかり掴み、鋭い旋回を生み出す。","242","モビリティ上位","",""
"s107_f","サークル・ベース","3","s007_f","1","火","46","0","0","75","36","78","円盤状の広い底面を持つ軸先。激しい接触があっても、その場で長くねばる。","235","ライフ盛り","",""
"s107_a","サークル・ベース","3","s007_a","1","風","46","0","0","75","36","78","円盤状の広い底面を持つ軸先。激しい接触があっても、その場で長くねばる。","235","ライフ盛り","",""
"s107_e","サークル・ベース","3","s007_e","1","土","46","0","0","75","36","78","円盤状の広い底面を持つ軸先。激しい接触があっても、その場で長くねばる。","235","ライフ盛り","",""
"s107_w","サークル・ベース","3","s007_w","1","水","46","0","0","75","36","78","円盤状の広い底面を持つ軸先。激しい接触があっても、その場で長くねばる。","235","ライフ盛り","",""
"s107_n","サークル・ベース","3","s007_n","1","無","46","0","0","75","36","78","円盤状の広い底面を持つ軸先。激しい接触があっても、その場で長くねばる。","235","ライフ盛り","",""
"s108_f","グルーヴ・ソール","3","s008_f","1","火","34","0","0","74","45","82","底面に特殊な溝を彫った軸先。滑りやすい工夫で、有利な間合いを保ちやすい。","235","レンジ盛り","",""
"s108_a","グルーヴ・ソール","3","s008_a","1","風","34","0","0","74","45","82","底面に特殊な溝を彫った軸先。滑りやすい工夫で、有利な間合いを保ちやすい。","235","レンジ盛り","",""
"s108_e","グルーヴ・ソール","3","s008_e","1","土","34","0","0","74","45","82","底面に特殊な溝を彫った軸先。滑りやすい工夫で、有利な間合いを保ちやすい。","235","レンジ盛り","",""
"s108_w","グルーヴ・ソール","3","s008_w","1","水","34","0","0","74","45","82","底面に特殊な溝を彫った軸先。滑りやすい工夫で、有利な間合いを保ちやすい。","235","レンジ盛り","",""
"s108_n","グルーヴ・ソール","3","s008_n","1","無","34","0","0","74","45","82","底面に特殊な溝を彫った軸先。滑りやすい工夫で、有利な間合いを保ちやすい。","235","レンジ盛り","",""
"s201_f","ヴァリアント・シャフト","3","s001_f","2","火","76","0","0","136","74","132","扱いやすい均等なバランスはそのままに、長時間の摩擦に耐えるタフな軸先。","418","バランス下位","",""
"s201_a","ヴァリアント・シャフト","3","s001_a","2","風","76","0","0","136","74","132","扱いやすい均等なバランスはそのままに、長時間の摩擦に耐えるタフな軸先。","418","バランス下位","",""
"s201_e","ヴァリアント・シャフト","3","s001_e","2","土","76","0","0","136","74","132","扱いやすい均等なバランスはそのままに、長時間の摩擦に耐えるタフな軸先。","418","バランス下位","",""
"s201_w","ヴァリアント・シャフト","3","s001_w","2","水","76","0","0","136","74","132","扱いやすい均等なバランスはそのままに、長時間の摩擦に耐えるタフな軸先。","418","バランス下位","",""
"s201_n","ヴァリアント・シャフト","3","s001_n","2","無","76","0","0","136","74","132","扱いやすい均等なバランスはそのままに、長時間の摩擦に耐えるタフな軸先。","418","バランス下位","",""
"s202_f","クロス・ドライブ","3","s002_f","2","火","70","0","0","174","78","162","軸の根元を十字の補強パーツで支えた構造。激しい競り合いでも軸ブレを防ぐ。","484","バランス上位","",""
"s202_a","クロス・ドライブ","3","s002_a","2","風","70","0","0","174","78","162","軸の根元を十字の補強パーツで支えた構造。激しい競り合いでも軸ブレを防ぐ。","484","バランス上位","",""
"s202_e","クロス・ドライブ","3","s002_e","2","土","70","0","0","174","78","162","軸の根元を十字の補強パーツで支えた構造。激しい競り合いでも軸ブレを防ぐ。","484","バランス上位","",""
"s202_w","クロス・ドライブ","3","s002_w","2","水","70","0","0","174","78","162","軸の根元を十字の補強パーツで支えた構造。激しい競り合いでも軸ブレを防ぐ。","484","バランス上位","",""
"s202_n","クロス・ドライブ","3","s002_n","2","無","70","0","0","174","78","162","軸の根元を十字の補強パーツで支えた構造。激しい競り合いでも軸ブレを防ぐ。","484","バランス上位","",""
"s203_f","ハンター・ソール","3","s003_f","2","火","80","0","0","182","58","98","床との接触面を限界まで小さく尖らせた形状。機体の旋回スピードを高める。","418","スピード下位","",""
"s203_a","ハンター・ソール","3","s003_a","2","風","80","0","0","182","58","98","床との接触面を限界まで小さく尖らせた形状。機体の旋回スピードを高める。","418","スピード下位","",""
"s203_e","ハンター・ソール","3","s003_e","2","土","80","0","0","182","58","98","床との接触面を限界まで小さく尖らせた形状。機体の旋回スピードを高める。","418","スピード下位","",""
"s203_w","ハンター・ソール","3","s003_w","2","水","80","0","0","182","58","98","床との接触面を限界まで小さく尖らせた形状。機体の旋回スピードを高める。","418","スピード下位","",""
"s203_n","ハンター・ソール","3","s003_n","2","無","80","0","0","182","58","98","床との接触面を限界まで小さく尖らせた形状。機体の旋回スピードを高める。","418","スピード下位","",""
"s204_f","ブラッディ・ドライブ","3","s004_f","2","火","70","0","0","218","76","118","傾斜を滑るための平らな接地構造。スタジアムの外周を利用した高速移動を支える。","482","スピード上位","",""
"s204_a","ブラッディ・ドライブ","3","s004_a","2","風","70","0","0","218","76","118","傾斜を滑るための平らな接地構造。スタジアムの外周を利用した高速移動を支える。","482","スピード上位","",""
"s204_e","ブラッディ・ドライブ","3","s004_e","2","土","70","0","0","218","76","118","傾斜を滑るための平らな接地構造。スタジアムの外周を利用した高速移動を支える。","482","スピード上位","",""
"s204_w","ブラッディ・ドライブ","3","s004_w","2","水","70","0","0","218","76","118","傾斜を滑るための平らな接地構造。スタジアムの外周を利用した高速移動を支える。","482","スピード上位","",""
"s204_n","ブラッディ・ドライブ","3","s004_n","2","無","70","0","0","218","76","118","傾斜を滑るための平らな接地構造。スタジアムの外周を利用した高速移動を支える。","482","スピード上位","",""
"s205_f","フェザー・ドライブ","3","s005_f","2","火","76","0","0","104","58","182","横幅を広く設計した平らな軸先。急制動がしやすく、相手の死角を捉えやすい。","420","モビリティ下位","",""
"s205_a","フェザー・ドライブ","3","s005_a","2","風","76","0","0","104","58","182","横幅を広く設計した平らな軸先。急制動がしやすく、相手の死角を捉えやすい。","420","モビリティ下位","",""
"s205_e","フェザー・ドライブ","3","s005_e","2","土","76","0","0","104","58","182","横幅を広く設計した平らな軸先。急制動がしやすく、相手の死角を捉えやすい。","420","モビリティ下位","",""
"s205_w","フェザー・ドライブ","3","s005_w","2","水","76","0","0","104","58","182","横幅を広く設計した平らな軸先。急制動がしやすく、相手の死角を捉えやすい。","420","モビリティ下位","",""
"s205_n","フェザー・ドライブ","3","s005_n","2","無","76","0","0","104","58","182","横幅を広く設計した平らな軸先。急制動がしやすく、相手の死角を捉えやすい。","420","モビリティ下位","",""
"s206_f","オーラ・ドライブ","3","s006_f","2","火","64","0","0","130","74","216","グリップ力を高めた高摩擦ゴム製。スタジアムの床を強く蹴り、鋭く曲がる。","484","モビリティ上位","",""
"s206_a","オーラ・ドライブ","3","s006_a","2","風","64","0","0","130","74","216","グリップ力を高めた高摩擦ゴム製。スタジアムの床を強く蹴り、鋭く曲がる。","484","モビリティ上位","",""
"s206_e","オーラ・ドライブ","3","s006_e","2","土","64","0","0","130","74","216","グリップ力を高めた高摩擦ゴム製。スタジアムの床を強く蹴り、鋭く曲がる。","484","モビリティ上位","",""
"s206_w","オーラ・ドライブ","3","s006_w","2","水","64","0","0","130","74","216","グリップ力を高めた高摩擦ゴム製。スタジアムの床を強く蹴り、鋭く曲がる。","484","モビリティ上位","",""
"s206_n","オーラ・ドライブ","3","s006_n","2","無","64","0","0","130","74","216","グリップ力を高めた高摩擦ゴム製。スタジアムの床を強く蹴り、鋭く曲がる。","484","モビリティ上位","",""
"s207_f","ワイルド・ドライブ","3","s007_f","2","火","92","0","0","150","72","156","重量を持たせた幅広の皿状底面。激しい激突をされても、その場に留まり耐える。","470","ライフ盛り","",""
"s207_a","ワイルド・ドライブ","3","s007_a","2","風","92","0","0","150","72","156","重量を持たせた幅広の皿状底面。激しい激突をされても、その場に留まり耐える。","470","ライフ盛り","",""
"s207_e","ワイルド・ドライブ","3","s007_e","2","土","92","0","0","150","72","156","重量を持たせた幅広の皿状底面。激しい激突をされても、その場に留まり耐える。","470","ライフ盛り","",""
"s207_w","ワイルド・ドライブ","3","s007_w","2","水","92","0","0","150","72","156","重量を持たせた幅広の皿状底面。激しい激突をされても、その場に留まり耐える。","470","ライフ盛り","",""
"s207_n","ワイルド・ドライブ","3","s007_n","2","無","92","0","0","150","72","156","重量を持たせた幅広の皿状底面。激しい激突をされても、その場に留まり耐える。","470","ライフ盛り","",""
"s208_f","ミラージュ・ドライブ","3","s008_f","2","火","68","0","0","148","90","164","底面に浅い横溝を刻んだ形状。適度な横滑りを利用し、有利な距離を保ちやすい。","470","レンジ盛り","",""
"s208_a","ミラージュ・ドライブ","3","s008_a","2","風","68","0","0","148","90","164","底面に浅い横溝を刻んだ形状。適度な横滑りを利用し、有利な距離を保ちやすい。","470","レンジ盛り","",""
"s208_e","ミラージュ・ドライブ","3","s008_e","2","土","68","0","0","148","90","164","底面に浅い横溝を刻んだ形状。適度な横滑りを利用し、有利な距離を保ちやすい。","470","レンジ盛り","",""
"s208_w","ミラージュ・ドライブ","3","s008_w","2","水","68","0","0","148","90","164","底面に浅い横溝を刻んだ形状。適度な横滑りを利用し、有利な距離を保ちやすい。","470","レンジ盛り","",""
"s208_n","ミラージュ・ドライブ","3","s008_n","2","無","68","0","0","148","90","164","底面に浅い横溝を刻んだ形状。適度な横滑りを利用し、有利な距離を保ちやすい。","470","レンジ盛り","",""
"s301_f","セイント・ドライブ","3","s001_f","3","火","114","0","0","204","111","198","各部のパーツ厚みを均一化した形状。あらゆるバトルフィールドに対応する。","627","バランス下位","",""
"s301_a","セイント・ドライブ","3","s001_a","3","風","114","0","0","204","111","198","各部のパーツ厚みを均一化した形状。あらゆるバトルフィールドに対応する。","627","バランス下位","",""
"s301_e","セイント・ドライブ","3","s001_e","3","土","114","0","0","204","111","198","各部のパーツ厚みを均一化した形状。あらゆるバトルフィールドに対応する。","627","バランス下位","",""
"s301_w","セイント・ドライブ","3","s001_w","3","水","114","0","0","204","111","198","各部のパーツ厚みを均一化した形状。あらゆるバトルフィールドに対応する。","627","バランス下位","",""
"s301_n","セイント・ドライブ","3","s001_n","3","無","114","0","0","204","111","198","各部のパーツ厚みを均一化した形状。あらゆるバトルフィールドに対応する。","627","バランス下位","",""
"s302_f","クラウン・ジャイロ","3","s002_f","3","火","105","0","0","261","117","243","軸の上部に同心円状の小さな段差を複数配置。倒れかかった時のフラつきを防ぐ。","726","バランス上位","",""
"s302_a","クラウン・ジャイロ","3","s002_a","3","風","105","0","0","261","117","243","軸の上部に同心円状の小さな段差を複数配置。倒れかかった時のフラつきを防ぐ。","726","バランス上位","",""
"s302_e","クラウン・ジャイロ","3","s002_e","3","土","105","0","0","261","117","243","軸の上部に同心円状の小さな段差を複数配置。倒れかかった時のフラつきを防ぐ。","726","バランス上位","",""
"s302_w","クラウン・ジャイロ","3","s002_w","3","水","105","0","0","261","117","243","軸の上部に同心円状の小さな段差を複数配置。倒れかかった時のフラつきを防ぐ。","726","バランス上位","",""
"s302_n","クラウン・ジャイロ","3","s002_n","3","無","105","0","0","261","117","243","軸の上部に同心円状の小さな段差を複数配置。倒れかかった時のフラつきを防ぐ。","726","バランス上位","",""
"s303_f","ソニック・ドライブ","3","s003_f","3","火","120","0","0","273","87","147","先端をシャープな針状に絞り込んだ特殊ニードル。摩擦を無くし極めて素早く動く。","627","スピード下位","",""
"s303_a","ソニック・ドライブ","3","s003_a","3","風","120","0","0","273","87","147","先端をシャープな針状に絞り込んだ特殊ニードル。摩擦を無くし極めて素早く動く。","627","スピード下位","",""
"s303_e","ソニック・ドライブ","3","s003_e","3","土","120","0","0","273","87","147","先端をシャープな針状に絞り込んだ特殊ニードル。摩擦を無くし極めて素早く動く。","627","スピード下位","",""
"s303_w","ソニック・ドライブ","3","s003_w","3","水","120","0","0","273","87","147","先端をシャープな針状に絞り込んだ特殊ニードル。摩擦を無くし極めて素早く動く。","627","スピード下位","",""
"s303_n","ソニック・ドライブ","3","s003_n","3","無","120","0","0","273","87","147","先端をシャープな針状に絞り込んだ特殊ニードル。摩擦を無くし極めて素早く動く。","627","スピード下位","",""
"s304_f","ボルテックス・ドライブ","3","s004_f","3","火","105","0","0","327","114","177","硬質の強化樹脂で平らな面を作った軸先。スタジアムの坂を利用して一気に加速する。","723","スピード上位","",""
"s304_a","ボルテックス・ドライブ","3","s004_a","3","風","105","0","0","327","114","177","硬質の強化樹脂で平らな面を作った軸先。スタジアムの坂を利用して一気に加速する。","723","スピード上位","",""
"s304_e","ボルテックス・ドライブ","3","s004_e","3","土","105","0","0","327","114","177","硬質の強化樹脂で平らな面を作った軸先。スタジアムの坂を利用して一気に加速する。","723","スピード上位","",""
"s304_w","ボルテックス・ドライブ","3","s004_w","3","水","105","0","0","327","114","177","硬質の強化樹脂で平らな面を作った軸先。スタジアムの坂を利用して一気に加速する。","723","スピード上位","",""
"s304_n","ボルテックス・ドライブ","3","s004_n","3","無","105","0","0","327","114","177","硬質の強化樹脂で平らな面を作った軸先。スタジアムの坂を利用して一気に加速する。","723","スピード上位","",""
"s305_f","ブリザード・ソール","3","s005_f","3","火","114","0","0","156","87","273","幅広のフラットな設置面を持つパーツ。急な切り返しに強く、敵の突進をかわしやすい。","630","モビリティ下位","",""
"s305_a","ブリザード・ソール","3","s005_a","3","風","114","0","0","156","87","273","幅広のフラットな設置面を持つパーツ。急な切り返しに強く、敵の突進をかわしやすい。","630","モビリティ下位","",""
"s305_e","ブリザード・ソール","3","s005_e","3","土","114","0","0","156","87","273","幅広のフラットな設置面を持つパーツ。急な切り返しに強く、敵の突進をかわしやすい。","630","モビリティ下位","",""
"s305_w","ブリザード・ソール","3","s005_w","3","水","114","0","0","156","87","273","幅広のフラットな設置面を持つパーツ。急な切り返しに強く、敵の突進をかわしやすい。","630","モビリティ下位","",""
"s305_n","ブリザード・ソール","3","s005_n","3","無","114","0","0","156","87","273","幅広のフラットな設置面を持つパーツ。急な切り返しに強く、敵の突進をかわしやすい。","630","モビリティ下位","",""
"s306_f","アーク・ドライブ","3","s006_f","3","火","96","0","0","195","111","324","高グリップ素材を幅広に成形。滑りを無くすことで、狙った位置への鋭い曲がりを作る。","726","モビリティ上位","",""
"s306_a","アーク・ドライブ","3","s006_a","3","風","96","0","0","195","111","324","高グリップ素材を幅広に成形。滑りを無くすことで、狙った位置への鋭い曲がりを作る。","726","モビリティ上位","",""
"s306_e","アーク・ドライブ","3","s006_e","3","土","96","0","0","195","111","324","高グリップ素材を幅広に成形。滑りを無くすことで、狙った位置への鋭い曲がりを作る。","726","モビリティ上位","",""
"s306_w","アーク・ドライブ","3","s006_w","3","水","96","0","0","195","111","324","高グリップ素材を幅広に成形。滑りを無くすことで、狙った位置への鋭い曲がりを作る。","726","モビリティ上位","",""
"s306_n","アーク・ドライブ","3","s006_n","3","無","96","0","0","195","111","324","高グリップ素材を幅広に成形。滑りを無くすことで、狙った位置への鋭い曲がりを作る。","726","モビリティ上位","",""
"s307_f","ガーディアン_ドライブ","3","s007_f","3","火","138","0","0","225","108","234","大きな重量をもたせた幅広の円盤状底面。激しい激突があっても、その場で長く回る。","705","ライフ盛り","",""
"s307_a","ガーディアン_ドライブ","3","s007_a","3","風","138","0","0","225","108","234","大きな重量をもたせた幅広の円盤状底面。激しい激突があっても、その場で長く回る。","705","ライフ盛り","",""
"s307_e","ガーディアン_ドライブ","3","s007_e","3","土","138","0","0","225","108","234","大きな重量をもたせた幅広の円盤状底面。激しい激突があっても、その場で長く回る。","705","ライフ盛り","",""
"s307_w","ガーディアン_ドライブ","3","s007_w","3","水","138","0","0","225","108","234","大きな重量をもたせた幅広の円盤状底面。激しい激突があっても、その場で長く回る。","705","ライフ盛り","",""
"s307_n","ガーディアン_ドライブ","3","s007_n","3","無","138","0","0","225","108","234","大きな重量をもたせた幅広の円盤状底面。激しい激突があっても、その場で長く回る。","705","ライフ盛り","",""
"s308_f","マッハ・ドライブ","3","s008_f","3","火","102","0","0","222","135","246","底面に深い円状の溝を彫り込んだ特殊軸先。滑りやすい工夫で、有利な距離を維持する。","705","レンジ盛り","",""
"s308_a","マッハ・ドライブ","3","s008_a","3","風","102","0","0","222","135","246","底面に深い円状の溝を彫り込んだ特殊軸先。滑りやすい工夫で、有利な距離を維持する。","705","レンジ盛り","",""
"s308_e","マッハ・ドライブ","3","s008_e","3","土","102","0","0","222","135","246","底面に深い円状の溝を彫り込んだ特殊軸先。滑りやすい工夫で、有利な距離を維持する。","705","レンジ盛り","",""
"s308_w","マッハ・ドライブ","3","s008_w","3","水","102","0","0","222","135","246","底面に深い円状の溝を彫り込んだ特殊軸先。滑りやすい工夫で、有利な距離を維持する。","705","レンジ盛り","",""
"s308_n","マッハ・ドライブ","3","s008_n","3","無","102","0","0","222","135","246","底面に深い円状の溝を彫り込んだ特殊軸先。滑りやすい工夫で、有利な距離を維持する。","705","レンジ盛り","",""
"s401_f","インターセプト・ドライブ","3","s001_f","4","火","152","0","0","272","148","264","全体の重さと形のバランスを均一に設計した形状。どのような戦術にも対応しやすい。","836","バランス下位","",""
"s401_a","インターセプト・ドライブ","3","s001_a","4","風","152","0","0","272","148","264","全体の重さと形のバランスを均一に設計した形状。どのような戦術にも対応しやすい。","836","バランス下位","",""
"s401_e","インターセプト・ドライブ","3","s001_e","4","土","152","0","0","272","148","264","全体の重さと形のバランスを均一に設計した形状。どのような戦術にも対応しやすい。","836","バランス下位","",""
"s401_w","インターセプト・ドライブ","3","s001_w","4","水","152","0","0","272","148","264","全体の重さと形のバランスを均一に設計した形状。どのような戦術にも対応しやすい。","836","バランス下位","",""
"s401_n","インターセプト・ドライブ","3","s001_n","4","無","152","0","0","272","148","264","全体の重さと形のバランスを均一に設計した形状。どのような戦術にも対応しやすい。","836","バランス下位","",""
"s402_f","ディフェンダー_ソール","3","s002_f","4","火","140","0","0","348","156","324","接地を安定させる階段のような段差形状。滑らかにまわりながら自機の体勢を保つ。","968","バランス上位","",""
"s402_a","ディフェンダー_ソール","3","s002_a","4","風","140","0","0","348","156","324","接地を安定させる階段のような段差形状。滑らかにまわりながら自機の体勢を保つ。","968","バランス上位","",""
"s402_e","ディフェンダー_ソール","3","s002_e","4","土","140","0","0","348","156","324","接地を安定させる階段のような段差形状。滑らかにまわりながら自機の体勢を保つ。","968","バランス上位","",""
"s402_w","ディフェンダー_ソール","3","s002_w","4","水","140","0","0","348","156","324","接地を安定させる階段のような段差形状。滑らかにまわりながら自機の体勢を保つ。","968","バランス上位","",""
"s402_n","ディフェンダー_ソール","3","s002_n","4","無","140","0","0","348","156","324","接地を安定させる階段のような段差形状。滑らかにまわりながら自機の体勢を保つ。","968","バランス上位","",""
"s403_f","ライオット・ドライブ","3","s003_f","4","火","160","0","0","364","116","196","先端をピンと尖らせることで床とのこすれを減らし、素早い旋回を可能にする。","836","スピード下位","",""
"s403_a","ライオット・ドライブ","3","s003_a","4","風","160","0","0","364","116","196","先端をピンと尖らせることで床とのこすれを減らし、素早い旋回を可能にする。","836","スピード下位","",""
"s403_e","ライオット・ドライブ","3","s003_e","4","土","160","0","0","364","116","196","先端をピンと尖らせることで床とのこすれを減らし、素早い旋回を可能にする。","836","スピード下位","",""
"s403_w","ライオット・ドライブ","3","s003_w","4","水","160","0","0","364","116","196","先端をピンと尖らせることで床とのこすれを減らし、素早い旋回を可能にする。","836","スピード下位","",""
"s403_n","ライオット・ドライブ","3","s003_n","4","無","160","0","0","364","116","196","先端をピンと尖らせることで床とのこすれを減らし、素早い旋回を可能にする。","836","スピード下位","",""
"s404_f","ディスラプター・ドライブ","3","s004_f","4","火","140","0","0","436","152","236","硬い樹脂で平らな面を作った軸先。スタジアムの傾斜を利用して高速で走る。","964","スピード上位","",""
"s404_a","ディスラプター・ドライブ","3","s004_a","4","風","140","0","0","436","152","236","硬い樹脂で平らな面を作った軸先。スタジアムの傾斜を利用して高速で走る。","964","スピード上位","",""
"s404_e","ディスラプター・ドライブ","3","s004_e","4","土","140","0","0","436","152","236","硬い樹脂で平らな面を作った軸先。スタジアムの傾斜を利用して高速で走る。","964","スピード上位","",""
"s404_w","ディスラプター・ドライブ","3","s004_w","4","水","140","0","0","436","152","236","硬い樹脂で平らな面を作った軸先。スタジアムの傾斜を利用して高速で走る。","964","スピード上位","",""
"s404_n","ディスラプター・ドライブ","3","s004_n","4","無","140","0","0","436","152","236","硬い樹脂で平らな面を作った軸先。スタジアムの傾斜を利用して高速で走る。","964","スピード上位","",""
"s405_f","ハンティング・ドライブ","3","s005_f","4","火","152","0","0","208","116","364","横幅が広い平らな形状をした軸先。急ブレーキや向きを変える動きに強い。","840","モビリティ下位","",""
"s405_a","ハンティング・ドライブ","3","s005_a","4","風","152","0","0","208","116","364","横幅が広い平らな形状をした軸先。急ブレーキや向きを変える動きに強い。","840","モビリティ下位","",""
"s405_e","ハンティング・ドライブ","3","s005_e","4","土","152","0","0","208","116","364","横幅が広い平らな形状をした軸先。急ブレーキや向きを変える動きに強い。","840","モビリティ下位","",""
"s405_w","ハンティング・ドライブ","3","s005_w","4","水","152","0","0","208","116","364","横幅が広い平らな形状をした軸先。急ブレーキや向きを変える動きに強い。","840","モビリティ下位","",""
"s405_n","ハンティング・ドライブ","3","s005_n","4","無","152","0","0","208","116","364","横幅が広い平らな形状をした軸先。急ブレーキや向きを変える動きに強い。","840","モビリティ下位","",""
"s406_f","タクティカル・ドライブ","3","s006_f","4","火","128","0","0","260","148","432","滑りづらい特殊なゴム素材を使用。床をしっかり掴み、鋭い旋回を生み出す。","968","モビリティ上位","",""
"s406_a","タクティカル・ドライブ","3","s006_a","4","風","128","0","0","260","148","432","滑りづらい特殊なゴム素材を使用。床をしっかり掴み、鋭い旋回を生み出す。","968","モビリティ上位","",""
"s406_e","タクティカル・ドライブ","3","s006_e","4","土","128","0","0","260","148","432","滑りづらい特殊なゴム素材を使用。床をしっかり掴み、鋭い旋回を生み出す。","968","モビリティ上位","",""
"s406_w","タクティカル・ドライブ","3","s006_w","4","水","128","0","0","260","148","432","滑りづらい特殊なゴム素材を使用。床をしっかり掴み、鋭い旋回を生み出す。","968","モビリティ上位","",""
"s406_n","タクティカル・ドライブ","3","s006_n","4","無","128","0","0","260","148","432","滑りづらい特殊なゴム素材を使用。床をしっかり掴み、鋭い旋回を生み出す。","968","モビリティ上位","",""
"s407_f","クレスト・ドライブ","3","s007_f","4","火","184","0","0","300","144","312","円盤状の広い底面を持つ軸先。激しい接触があっても、その場で長くねばる。","940","ライフ盛り","",""
"s407_a","クレスト・ドライブ","3","s007_a","4","風","184","0","0","300","144","312","円盤状の広い底面を持つ軸先。激しい接触があっても、その場で長くねばる。","940","ライフ盛り","",""
"s407_e","クレスト・ドライブ","3","s007_e","4","土","184","0","0","300","144","312","円盤状の広い底面を持つ軸先。激しい接触があっても、その場で長くねばる。","940","ライフ盛り","",""
"s407_w","クレスト・ドライブ","3","s007_w","4","水","184","0","0","300","144","312","円盤状の広い底面を持つ軸先。激しい接触があっても、その場で長くねばる。","940","ライフ盛り","",""
"s407_n","クレスト・ドライブ","3","s007_n","4","無","184","0","0","300","144","312","円盤状の広い底面を持つ軸先。激しい接触があっても、その場で長くねばる。","940","ライフ盛り","",""
"s408_f","ステルス・ドライブ","3","s008_f","4","火","136","0","0","296","180","328","底面に特殊な溝を彫った軸先。滑りやすい工夫で、有利な間合いを保ちやすい。","940","レンジ盛り","",""
"s408_a","ステルス・ドライブ","3","s008_a","4","風","136","0","0","296","180","328","底面に特殊な溝を彫った軸先。滑りやすい工夫で、有利な間合いを保ちやすい。","940","レンジ盛り","",""
"s408_e","ステルス・ドライブ","3","s008_e","4","土","136","0","0","296","180","328","底面に特殊な溝を彫った軸先。滑りやすい工夫で、有利な間合いを保ちやすい。","940","レンジ盛り","",""
"s408_w","ステルス・ドライブ","3","s008_w","4","水","136","0","0","296","180","328","底面に特殊な溝を彫った軸先。滑りやすい工夫で、有利な間合いを保ちやすい。","940","レンジ盛り","",""
"s408_n","ステルス・ドライブ","3","s008_n","4","無","136","0","0","296","180","328","底面に特殊な溝を彫った軸先。滑りやすい工夫で、有利な間合いを保ちやすい。","940","レンジ盛り","",""
"s501_f","ギャラクシー・エンジン","3","s001_f","5","火","190","0","0","340","185","330","重さと形のバランスを高度に追求した、先進型の万能な軸先。","1045","バランス下位","",""
"s501_a","ギャラクシー・エンジン","3","s001_a","5","風","190","0","0","340","185","330","重さと形のバランスを高度に追求した、先進型の万能な軸先。","1045","バランス下位","",""
"s501_e","ギャラクシー・エンジン","3","s001_e","5","土","190","0","0","340","185","330","重さと形のバランスを高度に追求した、先進型の万能な軸先。","1045","バランス下位","",""
"s501_w","ギャラクシー・エンジン","3","s001_w","5","水","190","0","0","340","185","330","重さと形のバランスを高度に追求した、先進型の万能な軸先。","1045","バランス下位","",""
"s501_n","ギャラクシー・エンジン","3","s001_n","5","無","190","0","0","340","185","330","重さと形のバランスを高度に追求した、先進型の万能な軸先。","1045","バランス下位","",""
"s502_f","アストラル・ゲート","3","s002_f","5","火","175","0","0","435","195","405","多段の段差をつけた接地構造。滑らかな旋回を維持しながら機体を安定させる。","1210","バランス上位","",""
"s502_a","アストラル・ゲート","3","s002_a","5","風","175","0","0","435","195","405","多段の段差をつけた接地構造。滑らかな旋回を維持しながら機体を安定させる。","1210","バランス上位","",""
"s502_e","アストラル・ゲート","3","s002_e","5","土","175","0","0","435","195","405","多段の段差をつけた接地構造。滑らかな旋回を維持しながら機体を安定させる。","1210","バランス上位","",""
"s502_w","アストラル・ゲート","3","s002_w","5","水","175","0","0","435","195","405","多段の段差をつけた接地構造。滑らかな旋回を維持しながら機体を安定させる。","1210","バランス上位","",""
"s502_n","アストラル・ゲート","3","s002_n","5","無","175","0","0","435","195","405","多段の段差をつけた接地構造。滑らかな旋回を維持しながら機体を安定させる。","1210","バランス上位","",""
"s503_f","ジェネシス・ドライブ","3","s003_f","5","火","200","0","0","455","145","245","床との接触面を極小にしたニードル形状。無駄な摩擦をなくし、鋭く俊敏に動く。","1045","スピード下位","",""
"s503_a","ジェネシス・ドライブ","3","s003_a","5","風","200","0","0","455","145","245","床との接触面を極小にしたニードル形状。無駄な摩擦をなくし、鋭く俊敏に動く。","1045","スピード下位","",""
"s503_e","ジェネシス・ドライブ","3","s003_e","5","土","200","0","0","455","145","245","床との接触面を極小にしたニードル形状。無駄な摩擦をなくし、鋭く俊敏に動く。","1045","スピード下位","",""
"s503_w","ジェネシス・ドライブ","3","s003_w","5","水","200","0","0","455","145","245","床との接触面を極小にしたニードル形状。無駄な摩擦をなくし、鋭く俊敏に動く。","1045","スピード下位","",""
"s503_n","ジェネシス・ドライブ","3","s003_n","5","無","200","0","0","455","145","245","床との接触面を極小にしたニードル形状。無駄な摩擦をなくし、鋭く俊敏に動く。","1045","スピード下位","",""
"s504_f","カラミティ・ドライブ","3","s004_f","5","火","175","0","0","545","190","295","特殊硬質マテリアルを採用した平らな軸先。スタジアムの傾斜を利用して激しく加速する。","1205","スピード上位","",""
"s504_a","カラミティ・ドライブ","3","s004_a","5","風","175","0","0","545","190","295","特殊硬質マテリアルを採用した平らな軸先。スタジアムの傾斜を利用して激しく加速する。","1205","スピード上位","",""
"s504_e","カラミティ・ドライブ","3","s004_e","5","土","175","0","0","545","190","295","特殊硬質マテリアルを採用した平らな軸先。スタジアムの傾斜を利用して激しく加速する。","1205","スピード上位","",""
"s504_w","カラミティ・ドライブ","3","s004_w","5","水","175","0","0","545","190","295","特殊硬質マテリアルを採用した平らな軸先。スタジアムの傾斜を利用して激しく加速する。","1205","スピード上位","",""
"s504_n","カラミティ・ドライブ","3","s004_n","5","無","175","0","0","545","190","295","特殊硬質マテリアルを採用した平らな軸先。スタジアムの傾斜を利用して激しく加速する。","1205","スピード上位","",""
"s505_f","フリーズ・ドライブ","3","s005_f","5","火","190","0","0","260","145","455","横幅の広さを極限まで高めたワイド形状。急ブレーキや切り返しの反応がバツグンに高い。","1050","モビリティ下位","",""
"s505_a","フリーズ・ドライブ","3","s005_a","5","風","190","0","0","260","145","455","横幅の広さを極限まで高めたワイド形状。急ブレーキや切り返しの反応がバツグンに高い。","1050","モビリティ下位","",""
"s505_e","フリーズ・ドライブ","3","s005_e","5","土","190","0","0","260","145","455","横幅の広さを極限まで高めたワイド形状。急ブレーキや切り返しの反応がバツグンに高い。","1050","モビリティ下位","",""
"s505_w","フリーズ・ドライブ","3","s005_w","5","水","190","0","0","260","145","455","横幅の広さを極限まで高めたワイド形状。急ブレーキや切り返しの反応がバツグンに高い。","1050","モビリティ下位","",""
"s505_n","フリーズ・ドライブ","3","s005_n","5","無","190","0","0","260","145","455","横幅の広さを極限まで高めたワイド形状。急ブレーキや切り返しの反応がバツグンに高い。","1050","モビリティ下位","",""
"s506_f","ディバイン・ドライブ","3","s006_f","5","火","160","0","0","325","185","540","高摩擦の特殊シリコンを成形。スタジアムの床に密着し、滑りのない超旋回を作る。","1210","モビリティ上位","",""
"s506_a","ディバイン・ドライブ","3","s006_a","5","風","160","0","0","325","185","540","高摩擦の特殊シリコンを成形。スタジアムの床に密着し、滑りのない超旋回を作る。","1210","モビリティ上位","",""
"s506_e","ディバイン・ドライブ","3","s006_e","5","土","160","0","0","325","185","540","高摩擦の特殊シリコンを成形。スタジアムの床に密着し、滑りのない超旋回を作る。","1210","モビリティ上位","",""
"s506_w","ディバイン・ドライブ","3","s006_w","5","水","160","0","0","325","185","540","高摩擦の特殊シリコンを成形。スタジアムの床に密着し、滑りのない超旋回を作る。","1210","モビリティ上位","",""
"s506_n","ディバイン・ドライブ","3","s006_n","5","無","160","0","0","325","185","540","高摩擦の特殊シリコンを成形。スタジアムの床に密着し、滑りのない超旋回を作る。","1210","モビリティ上位","",""
"s507_f","クォンタム・ドライブ","3","s007_f","5","火","230","0","0","375","180","390","広い円盤状の底面に重量を詰め込んだ塊。激突によるダメージを足元から耐えきる。","1175","ライフ盛り","",""
"s507_a","クォンタム・ドライブ","3","s007_a","5","風","230","0","0","375","180","390","広い円盤状の底面に重量を詰め込んだ塊。激突によるダメージを足元から耐えきる。","1175","ライフ盛り","",""
"s507_e","クォンタム・ドライブ","3","s007_e","5","土","230","0","0","375","180","390","広い円盤状の底面に重量を詰め込んだ塊。激突によるダメージを足元から耐えきる。","1175","ライフ盛り","",""
"s507_w","クォンタム・ドライブ","3","s007_w","5","水","230","0","0","375","180","390","広い円盤状の底面に重量を詰め込んだ塊。激突によるダメージを足元から耐えきる。","1175","ライフ盛り","",""
"s507_n","クォンタム・ドライブ","3","s007_n","5","無","230","0","0","375","180","390","広い円盤状の底面に重量を詰め込んだ塊。激突によるダメージを足元から耐えきる。","1175","ライフ盛り","",""
"s508_f","クロノス・ドライブ","3","s008_f","5","火","170","0","0","370","225","410","底面全体に細かな滑り溝を多数彫り込んだ形。有利な間合いのコントロールを大きく支える。","1175","レンジ盛り","",""
"s508_a","クロノス・ドライブ","3","s008_a","5","風","170","0","0","370","225","410","底面全体に細かな滑り溝を多数彫り込んだ形。有利な間合いのコントロールを大きく支える。","1175","レンジ盛り","",""
"s508_e","クロノス・ドライブ","3","s008_e","5","土","170","0","0","370","225","410","底面全体に細かな滑り溝を多数彫り込んだ形。有利な間合いのコントロールを大きく支える。","1175","レンジ盛り","",""
"s508_w","クロノス・ドライブ","3","s008_w","5","水","170","0","0","370","225","410","底面全体に細かな滑り溝を多数彫り込んだ形。有利な間合いのコントロールを大きく支える。","1175","レンジ盛り","",""
"s508_n","クロノス・ドライブ","3","s008_n","5","無","170","0","0","370","225","410","底面全体に細かな滑り溝を多数彫り込んだ形。有利な間合いのコントロールを大きく支える。","1175","レンジ盛り","",""
"s601_f","オムニ＝ドライブ","3","s001_f","6","火","228","0","0","408","222","396","形状と配重バランスを極限まで高めた究極の丸形。あらゆる戦闘状況に対応する。","1254","バランス下位","",""
"s601_a","オムニ＝ドライブ","3","s001_a","6","風","228","0","0","408","222","396","形状と配重バランスを極限まで高めた究極の丸形。あらゆる戦闘状況に対応する。","1254","バランス下位","",""
"s601_e","オムニ＝ドライブ","3","s001_e","6","土","228","0","0","408","222","396","形状と配重バランスを極限まで高めた究極の丸形。あらゆる戦闘状況に対応する。","1254","バランス下位","",""
"s601_w","オムニ＝ドライブ","3","s001_w","6","水","228","0","0","408","222","396","形状と配重バランスを極限まで高めた究極の丸形。あらゆる戦闘状況に対応する。","1254","バランス下位","",""
"s601_n","オムニ＝ドライブ","3","s001_n","6","無","228","0","0","408","222","396","形状と配重バランスを極限まで高めた究極の丸形。あらゆる戦闘状況に対応する。","1254","バランス下位","",""
"s602_f","ローレライ＝ドライブ","3","s002_f","6","火","210","0","0","522","234","486","同心円状の深い複数段差を備えた究極の軸先。体勢が傾いてもその場でピタリと立て直す。","1452","バランス上位","",""
"s602_a","ローレライ＝ドライブ","3","s002_a","6","風","210","0","0","522","234","486","同心円状の深い複数段差を備えた究極の軸先。体勢が傾いてもその場でピタリと立て直す。","1452","バランス上位","",""
"s602_e","ローレライ＝ドライブ","3","s002_e","6","土","210","0","0","522","234","486","同心円状の深い複数段差を備えた究極の軸先。体勢が傾いてもその場でピタリと立て直す。","1452","バランス上位","",""
"s602_w","ローレライ＝ドライブ","3","s002_w","6","水","210","0","0","522","234","486","同心円状の深い複数段差を備えた究極の軸先。体勢が傾いてもその場でピタリと立て直す。","1452","バランス上位","",""
"s602_n","ローレライ＝ドライブ","3","s002_n","6","無","210","0","0","522","234","486","同心円状の深い複数段差を備えた究極の軸先。体勢が傾いてもその場でピタリと立て直す。","1452","バランス上位","",""
"s603_f","ディザスター＝ソール","3","s003_f","6","火","240","0","0","546","174","294","床との摩擦を限界を超えてゼロに近づけた超ピンポイント軸先。すさまじい速度で旋回する。","1254","スピード下位","",""
"s603_a","ディザスター＝ソール","3","s003_a","6","風","240","0","0","546","174","294","床との摩擦を限界を超えてゼロに近づけた超ピンポイント軸先。すさまじい速度で旋回する。","1254","スピード下位","",""
"s603_e","ディザスター＝ソール","3","s003_e","6","土","240","0","0","546","174","294","床との摩擦を限界を超えてゼロに近づけた超ピンポイント軸先。すさまじい速度で旋回する。","1254","スピード下位","",""
"s603_w","ディザスター＝ソール","3","s003_w","6","水","240","0","0","546","174","294","床との摩擦を限界を超えてゼロに近づけた超ピンポイント軸先。すさまじい速度で旋回する。","1254","スピード下位","",""
"s603_n","ディザスター＝ソール","3","s003_n","6","無","240","0","0","546","174","294","床との摩擦を限界を超えてゼロに近づけた超ピンポイント軸先。すさまじい速度で旋回する。","1254","スピード下位","",""
"s604_f","デストロイヤー＝ドライブ","3","s004_f","6","火","210","0","0","654","228","354","超硬質樹脂によるワイドフラット形状。スタジアムの傾斜を捉え、最大の超高速走行を行う。","1446","スピード上位","",""
"s604_a","デストロイヤー＝ドライブ","3","s004_a","6","風","210","0","0","654","228","354","超硬質樹脂によるワイドフラット形状。スタジアムの傾斜を捉え、最大の超高速走行を行う。","1446","スピード上位","",""
"s604_e","デストロイヤー＝ドライブ","3","s004_e","6","土","210","0","0","654","228","354","超硬質樹脂によるワイドフラット形状。スタジアムの傾斜を捉え、最大の超高速走行を行う。","1446","スピード上位","",""
"s604_w","デストロイヤー＝ドライブ","3","s004_w","6","水","210","0","0","654","228","354","超硬質樹脂によるワイドフラット形状。スタジアムの傾斜を捉え、最大の超高速走行を行う。","1446","スピード上位","",""
"s604_n","デストロイヤー＝ドライブ","3","s004_n","6","無","210","0","0","654","228","354","超硬質樹脂によるワイドフラット形状。スタジアムの傾斜を捉え、最大の超高速走行を行う。","1446","スピード上位","",""
"s605_f","コキュートス＝ドライブ","3","s005_f","6","火","228","0","0","312","174","546","限界まで接地横幅を広げた超巨大フラット面。驚異的な急ブレーキと横方向の回避を支える。","1260","モビリティ下位","",""
"s605_a","コキュートス＝ドライブ","3","s005_a","6","風","228","0","0","312","174","546","限界まで接地横幅を広げた超巨大フラット面。驚異的な急ブレーキと横方向の回避を支える。","1260","モビリティ下位","",""
"s605_e","コキュートス＝ドライブ","3","s005_e","6","土","228","0","0","312","174","546","限界まで接地横幅を広げた超巨大フラット面。驚異的な急ブレーキと横方向の回避を支える。","1260","モビリティ下位","",""
"s605_w","コキュートス＝ドライブ","3","s005_w","6","水","228","0","0","312","174","546","限界まで接地横幅を広げた超巨大フラット面。驚異的な急ブレーキと横方向の回避を支える。","1260","モビリティ下位","",""
"s605_n","コキュートス＝ドライブ","3","s005_n","6","無","228","0","0","312","174","546","限界まで接地横幅を広げた超巨大フラット面。驚異的な急ブレーキと横方向の回避を支える。","1260","モビリティ下位","",""
"s606_f","ヘブンズ＝ドライブ","3","s006_f","6","火","192","0","0","390","222","648","最高粘度の高密度特殊ゴムで成形した軸先。床を完全に掴み、圧倒的な旋回推進力を生み出す。","1452","モビリティ上位","",""
"s606_a","ヘブンズ＝ドライブ","3","s006_a","6","風","192","0","0","390","222","648","最高粘度の高密度特殊ゴムで成形した軸先。床を完全に掴み、圧倒的な旋回推進力を生み出す。","1452","モビリティ上位","",""
"s606_e","ヘブンズ＝ドライブ","3","s006_e","6","土","192","0","0","390","222","648","最高粘度の高密度特殊ゴムで成形した軸先。床を完全に掴み、圧倒的な旋回推進力を生み出す。","1452","モビリティ上位","",""
"s606_w","ヘブンズ＝ドライブ","3","s006_w","6","水","192","0","0","390","222","648","最高粘度の高密度特殊ゴムで成形した軸先。床を完全に掴み、圧倒的な旋回推進力を生み出す。","1452","モビリティ上位","",""
"s606_n","ヘブンズ＝ドライブ","3","s006_n","6","無","192","0","0","390","222","648","最高粘度の高密度特殊ゴムで成形した軸先。床を完全に掴み、圧倒的な旋回推進力を生み出す。","1452","モビリティ上位","",""
"s607_f","アブソリュート＝ドライブ","3","s007_f","6","火","276","0","0","450","216","468","超重量を持たせた、極広アロイの円盤状底面。どれだけ激しい打撃を受けてもその場に留まり耐える。","1410","ライフ盛り","",""
"s607_a","アブソリュート＝ドライブ","3","s007_a","6","風","276","0","0","450","216","468","超重量を持たせた、極広アロイの円盤状底面。どれだけ激しい打撃を受けてもその場に留まり耐える。","1410","ライフ盛り","",""
"s607_e","アブソリュート＝ドライブ","3","s007_e","6","土","276","0","0","450","216","468","超重量を持たせた、極広アロイの円盤状底面。どれだけ激しい打撃を受けてもその場に留まり耐える。","1410","ライフ盛り","",""
"s607_w","アブソリュート＝ドライブ","3","s007_w","6","水","276","0","0","450","216","468","超重量を持たせた、極広アロイの円盤状底面。どれだけ激しい打撃を受けてもその場に留まり耐える。","1410","ライフ盛り","",""
"s607_n","アブソリュート＝ドライブ","3","s007_n","6","無","276","0","0","450","216","468","超重量を持たせた、極広アロイの円盤状底面。どれだけ激しい打撃を受けてもその場に留まり耐える。","1410","ライフ盛り","",""
"s608_f","ヴァルハラ＝ドライブ","3","s008_f","6","火","204","0","0","444","270","492","底面に細かな螺旋状の溝を無数に刻んだ究極形状。絶妙な滑り運動で有利な間合いを完全に支配する。","1410","レンジ盛り","",""
"s608_a","ヴァルハラ＝ドライブ","3","s008_a","6","風","204","0","0","444","270","492","底面に細かな螺旋状の溝を無数に刻んだ究極形状。絶妙な滑り運動で有利な間合いを完全に支配する。","1410","レンジ盛り","",""
"s608_e","ヴァルハラ＝ドライブ","3","s008_e","6","土","204","0","0","444","270","492","底面に細かな螺旋状の溝を無数に刻んだ究極形状。絶妙な滑り運動で有利な間合いを完全に支配する。","1410","レンジ盛り","",""
"s608_w","ヴァルハラ＝ドライブ","3","s008_w","6","水","204","0","0","444","270","492","底面に細かな螺旋状の溝を無数に刻んだ究極形状。絶妙な滑り運動で有利な間合いを完全に支配する。","1410","レンジ盛り","",""
"s608_n","ヴァルハラ＝ドライブ","3","s008_n","6","無","204","0","0","444","270","492","底面に細かな螺旋状の溝を無数に刻んだ究極形状。絶妙な滑り運動で有利な間合いを完全に支配する。","1410","レンジ盛り","",""
"s609_n","レオ＝ゴールドブースター","3","s001_n","6","無","148","0","0","662","135","515","気高き獅子の歩みは何人も止めることはできない。","1460","アーサーモデル","",""
"s610_n","カイザー＝オルタナティブ","3","s001_n","6","無","296","0","0","431","289","444","皇帝の領土は、いかなる侵入をも拒絶する。","1460","店長モデル","",""